Disease,Treatment,EndDate,Duration,Q16_L,Q17_L,Q18_L,Q19_L,Q20_L,Q21_L,Q22_L,Q23_L,Q24_L,Q25_L,Q26_L,Q27_L,Q28_L,uid
GTA,No Explanation,2019-10-07T21:44:00Z,251,6,7,6,6,7,7,7,6,7,6,7,7,6,cbfec6b128dc12abbfb5607a44b0562c
GTA,No Explanation,2019-10-07T21:49:00Z,329,4,4,4,3,6,4,5,4,5,5,6,6,4,5f3a4edcd8ea9e547ac7b2b3beed8710
GTA,No Explanation,2019-10-07T21:51:00Z,311,4,4,5,2,6,5,5,6,6,6,5,6,6,e920b0623e1cccf564c30b0e68984aa8
GTA,No Explanation,2019-10-07T21:52:00Z,328,4,4,4,3,5,5,5,5,6,6,6,7,6,ad493563ca23cd56666d28f4b1e7bb63
GTA,No Explanation,2019-10-07T21:53:00Z,396,5,6,6,5,7,7,7,6,5,6,6,7,6,7be455542d6c0bc9c12f61df22f8e99f
GTA,No Explanation,2019-10-07T21:53:00Z,303,6,6,6,6,7,5,7,6,7,6,6,7,6,3d634cb4647774e4136e9bc26e750fc2
GTA,No Explanation,2019-10-07T21:54:00Z,340,6,6,5,5,7,5,6,6,6,6,6,7,7,9d46650beaf08ed3c7bba73a6aef58ed
GTA,No Explanation,2019-10-07T21:54:00Z,293,4,4,5,4,5,2,6,5,4,6,5,6,6,457896bd8a82cb0d08895e1a8b76294c
GTA,No Explanation,2019-10-07T21:55:00Z,561,2,1,2,2,3,3,5,2,2,6,6,7,6,6ea610403ceef70e17d56a4dc0b5269b
GTA,No Explanation,2019-10-07T21:57:00Z,469,2,3,2,1,5,1,5,5,2,2,3,4,2,320b56b846f60d578f6bc88103a6d49a
GTA,No Explanation,2019-10-07T21:59:00Z,383,3,3,5,3,5,6,6,5,6,6,6,7,6,771648fc9fa2a907c99362aed4167f18
GTA,No Explanation,2019-10-07T22:21:00Z,373,6,6,6,2,7,6,6,5,5,7,6,7,7,d90cbf50a37b4e04b597eaa48253fbf8
GTA,No Explanation,2019-10-08T19:07:00Z,270,5,6,5,5,7,7,6,5,3,6,5,6,7,6f5f1cacfdcc46d51b0d096b38e1d460
GTA,No Explanation,2019-10-08T19:07:00Z,281,6,5,5,5,7,7,6,5,6,5,6,6,6,eb7842032893db5fd9771a8ad9c74535
GTA,No Explanation,2019-10-08T19:07:00Z,322,5,5,5,4,6,6,6,5,5,6,6,7,5,9f0e293d7e3436102ecffa59c729d760
GTA,No Explanation,2019-10-08T19:07:00Z,276,2,4,3,3,6,6,6,5,6,5,6,6,4,c2d91ebe4572e156f9cd3e010bbf7344
GTA,No Explanation,2019-10-08T19:07:00Z,295,5,3,5,4,4,3,5,3,3,5,5,6,4,f0a82bdf6aad2b5c59e719f06c961842
GTA,No Explanation,2019-10-08T19:07:00Z,249,3,5,6,6,7,7,7,7,6,7,6,7,7,c699642f538c0c4464c5e724000612f3
GTA,No Explanation,2019-10-08T19:07:00Z,270,4,5,5,4,7,2,4,5,5,5,6,6,4,d2f70fe1cfb7a9a5f8e15d03fecd438e
GTA,No Explanation,2019-10-08T19:08:00Z,288,4,4,4,3,5,5,5,4,3,4,6,6,4,446780cddbcced257709a71f50f06833
GTA,No Explanation,2019-10-08T19:09:00Z,400,4,3,4,3,4,4,6,4,4,4,6,5,5,ba7a6e44fd28c6c635e5c94f1ced27ad
GTA,No Explanation,2019-10-08T19:10:00Z,507,4,4,5,4,6,4,5,6,6,6,6,7,6,53c999adddf7e4fe063d67cc78310a8b
GTA,No Explanation,2019-10-08T19:10:00Z,330,6,3,3,3,5,3,5,4,6,4,5,7,4,9a72a58e56e7a9ff3200da353b6b1fc9
GTA,No Explanation,2019-10-08T19:12:00Z,281,6,6,5,5,7,5,7,6,6,6,6,7,6,91bdfe902fa31da7d1e9a9cea2f82eb8
GTA,No Explanation,2019-10-08T19:24:00Z,969,5,5,5,4,4,4,5,5,6,6,6,6,6,2e810642b51f08217be6e42bfdc2985a
GTA,No Explanation,2019-10-08T19:27:00Z,1182,4,5,4,2,5,3,5,5,3,5,6,6,5,bc0a3590791101fd7f622fc8045f45c4
GTA,No Explanation,2019-10-19T16:36:00Z,215,5,5,6,3,6,7,6,5,3,6,6,7,6,2cdbe86aefd640604aae24e4e0e2926a
GTA,No Explanation,2019-10-19T16:38:00Z,409,5,5,5,3,6,6,5,6,6,7,7,7,7,aa1c9a668c97297cbfb5babe48667712
GTA,No Explanation,2019-10-19T16:40:00Z,316,3,3,3,1,3,3,4,2,2,6,7,7,6,ad16274de29b47c993f8be2d451dc6a1
GTA,No Explanation,2019-10-19T16:41:00Z,345,5,5,5,6,6,6,6,6,3,6,6,6,6,2002a83870ade28b58eef2ea4fce1f2e
GTA,No Explanation,2019-10-19T16:45:00Z,453,4,4,5,3,5,4,5,6,6,6,7,6,6,10ece51b9f94b34f2bf4d39ce6c56aa9
GTA,No Explanation,2019-10-19T16:47:00Z,399,5,4,5,4,5,5,6,5,5,6,7,6,6,f4b65d22762d4f210c2d8783a5f0cdeb
GTA,No Explanation,2019-10-19T16:47:00Z,443,4,4,4,4,6,7,6,4,6,6,6,6,6,074d34b6c83269a8efa524e63f5fe5c6
GTA,No Explanation,2019-10-19T16:49:00Z,258,2,3,4,2,5,1,3,5,5,5,5,6,5,0d156cfc02e12a737a562c834e44a3d8
GTA,No Explanation,2019-10-19T16:49:00Z,322,6,5,6,4,7,6,6,6,5,6,6,5,6,008706fc24191e99a37728d11ad16fdc
GTA,No Explanation,2019-10-19T16:51:00Z,505,6,5,5,3,7,4,6,5,7,6,7,7,6,de78cbdd583602c6404e29a45ee95fe4
GTA,No Explanation,2019-10-19T16:51:00Z,305,5,5,5,2,6,6,6,6,5,6,6,7,6,7ec8bbedc3aadcfb50e56896969e880f
GTA,No Explanation,2019-10-19T16:51:00Z,577,4,4,6,3,6,5,6,6,6,7,7,7,7,f08ba973f3b8ead73ddb082c2e5aadcd
GTA,No Explanation,2019-10-19T16:52:00Z,355,6,7,5,4,7,6,7,6,6,7,6,7,7,9c89956c8efacd7f5e70f2058a0f8007
GTA,No Explanation,2019-10-19T16:54:00Z,395,4,4,4,5,5,6,5,6,5,5,4,6,5,6aa38483a4830e542bf90b6a9eab9046
GTA,No Explanation,2019-10-19T16:55:00Z,472,1,1,1,1,5,2,3,2,2,5,3,6,5,2c7ecc53ac6a4e42316a0b0d50a436cd
GTA,No Explanation,2019-10-19T16:57:00Z,404,4,4,5,4,7,5,6,2,4,6,4,5,6,81dc972b434d859664f700ccb004e5c1
GTA,No Explanation,2019-10-19T16:58:00Z,850,6,6,6,5,7,7,7,7,7,7,6,7,7,a37aecb58ca3990443cba1f21204788e
GTA,No Explanation,2019-10-19T17:25:00Z,375,4,4,4,4,6,6,6,5,5,6,6,6,6,8475fb6d3ec6f4d2c1ffa7c3bb36863a
GTA,No Explanation,2019-10-19T17:26:00Z,264,5,4,4,2,6,3,5,5,4,6,5,6,6,64e2484caef9c1f5d950582d6e761c3b
GTA,No Explanation,2019-10-19T17:29:00Z,385,5,4,4,2,7,4,6,6,7,4,5,7,5,5b531111800e10727e8cca4b8a85d2a1
GTA,No Explanation,2019-10-19T17:32:00Z,591,4,3,4,2,5,4,5,4,4,5,4,5,5,4bbe97648775bbf6535d31e2ce4441ca
GTA,No Explanation,2019-10-19T17:36:00Z,396,5,6,6,2,7,6,6,5,5,5,5,5,5,8e034287700e6f167fd4f14696d19949
GTA,No Explanation,2019-12-30T13:51:00Z,333,5,5,5,3,6,6,6,6,6,6,6,6,6,e1eda8c0e364582c9806b5f619701a23
GTA,No Explanation,2019-12-30T13:58:00Z,325,5,5,4,3,6,6,5,5,5,6,5,6,6,5961865d753c251a87f3c32f318f5c70
GTA,No Explanation,2019-12-30T14:00:00Z,321,3,3,3,3,5,4,4,4,4,4,5,5,5,f0a27f1be2d9a0e64db91774c1f92b86
GTA,No Explanation,2019-12-30T14:11:00Z,477,3,4,4,2,6,4,5,4,3,5,6,5,5,c10449bd164d4498e5b17824e5db8573
GTA,No Explanation,2019-12-30T14:12:00Z,291,5,4,4,3,6,5,6,6,6,5,6,6,6,d5d459f9a7cb41ae47c4dc89aa89cb9a
GTA,No Explanation,2019-12-30T14:14:00Z,295,6,5,6,3,6,6,6,6,6,6,6,5,6,b00f1ecbae1502c2a6bb2a8d5f56ba69
GTA,No Explanation,2019-12-30T14:16:00Z,337,3,4,4,2,7,6,5,6,5,5,6,6,6,34e37554e20aa2c0733551adc233f7bb
GTA,No Explanation,2019-12-30T14:18:00Z,340,4,5,5,4,6,6,6,4,3,4,6,6,5,cfb1390ea5a1e901e3d551dc141b9096
GTA,No Explanation,2019-12-30T14:21:00Z,271,5,4,4,3,7,6,6,4,3,3,5,6,5,457e7d3c9d94ea331aa9932c64fe984e
GTA,No Explanation,2019-12-30T14:23:00Z,317,4,4,6,5,5,4,6,7,6,5,5,6,5,99c24b8aac56633094fdfee3a97b55e3
GTA,No Explanation,2019-12-30T14:24:00Z,363,3,3,3,3,5,5,5,3,3,5,5,5,5,1ca486a2e7fa6c1c9bfff1f056d9fa6f
GTA,No Explanation,2019-12-30T14:27:00Z,298,2,2,3,1,7,1,4,3,2,2,3,3,2,bc92a7f8b0accac340b4d74e776b7b00
GTA,No Explanation,2019-12-30T14:37:00Z,343,5,6,4,4,6,4,6,6,6,6,7,7,6,48bc9703b0c5c6284d3b872783a33276
GTA,No Explanation,2019-12-30T14:38:00Z,404,7,7,7,5,7,6,7,7,7,7,7,6,6,69edadc11f4f5ac43e96d809935a3d42
GTA,No Explanation,2019-12-30T14:38:00Z,992,4,4,4,3,5,4,5,4,4,4,4,5,4,528ec6785838c9a8293bf32d9a399c77
GTA,No Explanation,2019-12-30T14:39:00Z,681,4,4,4,2,6,4,5,3,4,3,3,5,5,4c50b9ff0a25c98cd0302e5fb067ad80
GTA,No Explanation,2019-12-30T14:42:00Z,419,5,5,5,5,7,6,7,6,6,6,6,7,6,2fca1846c3a41e42973510ee238f542d
GTA,No Explanation,2019-12-30T14:43:00Z,321,5,5,5,4,7,7,6,4,5,6,5,7,5,c92766f0f6c751b1a11005c1625bb2ea
GTA,No Explanation,2019-12-30T14:44:00Z,594,5,5,4,3,6,4,5,3,2,3,3,6,6,544bc34aa874ccae70c5f05dff29bb7d
GTA,No Explanation,2019-12-30T14:45:00Z,361,2,3,5,1,7,1,3,3,5,6,6,6,7,b616a5e050aa916e9289f353c48cb14d
GTA,No Explanation,2019-12-30T14:46:00Z,527,5,7,5,3,7,7,6,7,7,7,7,7,7,07c72f78aa17ecf0c5b1d5878512f5f0
GTA,No Explanation,2019-12-30T14:47:00Z,860,6,6,6,5,7,6,6,6,6,6,6,7,6,92ff17367e824dd3d7897d371c06dc7b
GTA,No Explanation,2019-12-30T14:50:00Z,1407,4,4,4,2,5,3,5,4,6,5,5,7,6,870b31a5fd788b0f29c23320af1e55b0
GTA,No Explanation,2019-12-30T14:56:00Z,476,4,4,4,3,4,3,5,5,5,5,6,5,5,745b06f94dcae1259451ee043a38c286
GTA,No Explanation,2020-01-02T18:51:00Z,482,6,6,6,2,6,6,7,6,6,6,6,7,5,700f6bab10bb28392125e24ba0aae77f
GTA,No Explanation,2020-01-02T18:52:00Z,307,5,4,5,3,6,5,6,6,5,4,6,5,6,96e336a01fb3556a92c222218d5955bf
GTA,No Explanation,2020-01-02T18:54:00Z,315,5,4,4,2,5,4,4,3,3,6,6,6,6,d6b5734395581cd5ead164cf7a379163
GTA,No Explanation,2020-01-02T18:59:00Z,447,4,4,4,3,5,6,5,5,5,4,5,7,4,9815347d555ab0360f1c8e6dc24ed72d
GTA,No Explanation,2020-01-02T19:04:00Z,318,7,7,7,6,7,7,7,7,7,7,7,7,7,86cec85eebb556daa9992d4a55e73685
GTA,No Explanation,2020-01-02T19:09:00Z,374,4,1,2,3,1,3,4,2,2,5,5,5,4,dfd015772b9ae8d6ad63e307253297ed
GTA,No Explanation,2020-01-02T19:14:00Z,551,5,5,6,5,7,7,7,6,7,5,6,6,6,f900d0a0a0ff0bd446020d9d2595bf24
GTA,No Explanation,2020-01-02T19:15:00Z,373,4,4,4,3,7,5,6,4,3,3,3,5,3,a5130019ef794cc02f861077aa7cd4a0
GTA,No Explanation,2020-01-02T19:19:00Z,371,5,5,5,3,7,5,6,7,7,7,7,7,7,253439b328ebb7aa4b1c9f5dbdd3cf73
GTA,No Explanation,2020-01-02T19:19:00Z,404,5,5,5,2,6,6,6,6,6,6,6,7,6,b162777689ae40025f7eb447585b8139
GTA,No Explanation,2020-01-02T19:20:00Z,348,4,4,5,3,6,6,6,3,3,5,5,6,6,824ab4cd45c0c3b49f367d2981f36978
GTA,No Explanation,2020-01-02T19:24:00Z,434,5,4,4,5,7,5,6,6,6,4,5,6,4,ed1002d1567ab693af4224389f5cd288
GTA,No Explanation,2020-01-02T19:24:00Z,483,6,6,6,5,7,7,7,4,7,7,7,7,7,dd7a71111960cc14a1e706f61be02de3
GTA,No Explanation,2020-01-02T19:25:00Z,314,6,6,6,3,6,7,7,7,6,7,7,7,7,25e7d5ca4d6923d4814d0e944cdc16aa
GTA,No Explanation,2020-01-02T19:25:00Z,447,5,5,5,5,7,5,6,5,5,4,5,6,5,5420cadc4f4a1efb9e0ff23f339c75c9
GTA,No Explanation,2020-01-02T19:27:00Z,256,5,5,5,3,7,6,6,6,6,6,7,6,6,6da2c7f6ea7041cbcbcd930fe110ff61
GTA,No Explanation,2020-01-02T19:29:00Z,355,4,4,4,2,5,5,5,2,3,6,5,6,5,0bac645dc1eae397f3e0986e229360a6
GTA,No Explanation,2020-01-02T19:30:00Z,264,6,6,6,6,6,6,6,6,4,5,6,6,6,5159f03f76f0f053ce3e2db49908844e
GTA,No Explanation,2020-01-02T19:30:00Z,342,6,5,5,3,6,6,6,6,6,6,6,6,6,964252e091ad98cf6fb083ff34cf675f
GTA,No Explanation,2020-01-02T19:32:00Z,872,5,5,3,4,6,5,5,5,5,5,5,5,5,fe914e28c09418ad464d544811d7c783
GTA,No Explanation,2020-01-02T19:33:00Z,415,5,6,5,3,7,5,7,5,3,6,5,7,7,a412256df3c9e92ae159747ec0b8093d
GTA,No Explanation,2020-01-02T19:33:00Z,406,5,6,5,2,6,6,5,6,6,6,4,6,5,5deebc7191a056635221db87e3474105
GTA,No Explanation,2020-01-02T19:34:00Z,429,5,4,4,4,5,4,5,6,5,5,6,6,5,c99ff7ab367c0b57b38863b962fe9fe7
GTA,No Explanation,2020-01-02T20:05:00Z,328,5,5,5,3,5,5,5,3,3,4,5,7,5,32dcb7c644ef1b1319cfd40996c93c77
GTA,No Explanation,2020-01-02T21:13:00Z,368,4,5,5,3,6,5,5,5,5,5,5,5,5,9dde48b4041d51d9a904cf1870886c02
Migraine,Counterfactual,2019-10-07T21:45:00Z,306,6,6,6,5,6,6,6,6,6,6,6,6,6,5c5bc9ce0d6a5a2b74a2f1a6ae1c9b9d
Migraine,Counterfactual,2019-10-07T21:48:00Z,275,4,3,5,2,5,3,6,5,5,5,5,6,5,3f5e928f07495b9c4445763b2abbeb30
Migraine,Counterfactual,2019-10-07T21:51:00Z,261,6,6,6,2,6,6,6,3,3,6,6,6,6,9708e93fa85ae9101d96d1c891b6b0e9
Migraine,Counterfactual,2019-10-07T21:52:00Z,320,5,5,4,3,6,5,6,6,3,6,6,7,6,432cc0c9509d1c742b9c80ae2fcc87c9
Migraine,Counterfactual,2019-10-07T21:53:00Z,322,5,3,5,3,7,3,3,6,6,6,7,6,7,2338138b0394fc33e4c5273327babb1a
Migraine,Counterfactual,2019-10-07T21:55:00Z,374,1,1,1,3,4,2,4,4,4,5,4,5,5,97d64d1a02c7a5a6d05ce711b426ea2f
Migraine,Counterfactual,2019-10-07T21:56:00Z,385,6,6,6,6,6,5,7,6,6,7,7,7,6,ac79fcfac03fd87ea03841f9e006485a
Migraine,Counterfactual,2019-10-07T21:57:00Z,494,7,5,5,2,6,3,6,6,6,6,6,7,6,dfe49472def8d6bf37064869eb6670be
Migraine,Counterfactual,2019-10-07T21:58:00Z,568,2,4,5,6,6,5,5,5,3,6,6,7,6,43a576e8dfb1d764b8b80f78515964c9
Migraine,Counterfactual,2019-10-07T21:59:00Z,526,3,5,5,3,3,5,6,5,5,6,6,6,6,1968e15d0430d45b7d74f98deb8072e2
Migraine,Counterfactual,2019-10-07T22:18:00Z,1362,3,7,4,7,4,4,1,5,3,6,5,2,7,95a15e36b2851d03c4dc361ec8a32727
Migraine,Counterfactual,2019-10-08T19:07:00Z,297,5,5,5,3,6,6,6,6,4,6,7,7,6,694398e4b2f6e9aae52ff4b6ce3ade0d
Migraine,Counterfactual,2019-10-08T19:08:00Z,296,4,4,5,2,7,4,5,5,5,6,5,6,6,86436bc3d544fc9f153a39b951d3fb88
Migraine,Counterfactual,2019-10-08T19:08:00Z,388,5,5,5,3,5,6,6,6,6,6,6,6,6,73fec3b28cc39678e976c974dee9f7c7
Migraine,Counterfactual,2019-10-08T19:08:00Z,369,4,5,4,3,5,5,5,4,5,6,6,5,6,fda2b0eff409531f3f306d451686f4cc
Migraine,Counterfactual,2019-10-08T19:08:00Z,347,5,5,5,5,6,5,5,5,5,6,6,6,6,8240b310529983124f23e58215068965
Migraine,Counterfactual,2019-10-08T19:08:00Z,338,5,5,5,2,6,1,5,6,3,7,7,6,7,ec56f3f945d82488fab5a715d2cf351e
Migraine,Counterfactual,2019-10-08T19:09:00Z,351,5,5,5,5,6,7,6,6,7,7,7,7,7,6d50b26f09589855895af94f841ba18b
Migraine,Counterfactual,2019-10-08T19:09:00Z,365,6,5,5,6,6,6,6,5,6,6,5,7,6,f11b805f8cd98c5359c113b62f85dccd
Migraine,Counterfactual,2019-10-08T19:11:00Z,449,5,4,5,2,5,4,5,5,5,7,7,4,6,6e0a40ea67d743373363c8e70589b918
Migraine,Counterfactual,2019-10-08T19:12:00Z,416,4,4,4,2,6,3,6,5,2,6,5,5,6,3187d39026be120c83d4294b75f83d5f
Migraine,Counterfactual,2019-10-08T19:12:00Z,552,4,4,5,5,6,5,5,6,5,6,6,7,6,8fdfcc6784a5ca66505de3ed50d11200
Migraine,Counterfactual,2019-10-08T19:12:00Z,257,4,5,4,4,5,2,5,6,5,6,4,5,5,59c3e759eac4d798fdb91d02b9ea93a9
Migraine,Counterfactual,2019-10-08T19:12:00Z,486,6,3,3,5,5,5,6,5,3,6,6,7,7,8e43651db76414c04b1429e178d55a21
Migraine,Counterfactual,2019-10-08T19:18:00Z,932,7,7,4,3,6,7,7,6,6,4,3,7,6,caa3c6ccb364962e37870183924e60e5
Migraine,Counterfactual,2019-10-19T16:37:00Z,352,4,5,5,5,6,5,6,5,5,6,6,6,6,98077ef7e6dc8c8d1ebc5b5f605eb36f
Migraine,Counterfactual,2019-10-19T16:40:00Z,570,4,4,4,2,4,4,5,6,3,6,5,6,5,65ebdfa9ee3dbc0b49ad9c9bd1ae9d7c
Migraine,Counterfactual,2019-10-19T16:41:00Z,399,5,5,4,3,7,2,6,7,5,7,7,7,7,7c1593cd11cee5695544cffe970638d6
Migraine,Counterfactual,2019-10-19T16:43:00Z,266,5,5,5,5,6,5,6,5,5,6,6,6,6,a702e436b1a32cfbec2d537356d9ccdf
Migraine,Counterfactual,2019-10-19T16:43:00Z,282,3,3,4,3,2,2,4,4,4,5,5,4,5,fd20bdbaad34714c99e51a95b9b44452
Migraine,Counterfactual,2019-10-19T16:45:00Z,268,6,7,6,5,6,7,7,6,5,7,7,7,7,d9a033945abc9eacfcd3b3bd331c615f
Migraine,Counterfactual,2019-10-19T16:47:00Z,342,5,6,6,5,6,5,6,6,5,7,7,7,6,a96fa411521bfcb54363d4f542c8e93e
Migraine,Counterfactual,2019-10-19T16:49:00Z,360,4,4,4,4,4,5,5,5,3,6,6,6,6,ca9d111184a59378734fea68b28c1c9c
Migraine,Counterfactual,2019-10-19T16:50:00Z,320,4,4,4,3,5,4,4,5,5,6,5,6,6,1cb320daca8aa675a8cc6767df4a26f5
Migraine,Counterfactual,2019-10-19T16:50:00Z,297,4,5,5,4,6,5,5,6,5,6,6,6,6,e93e43fd474a304d119aefb500cbc338
Migraine,Counterfactual,2019-10-19T16:50:00Z,533,4,6,4,3,6,5,6,4,6,5,5,6,6,ff2043a6fc2ea7ddd4310e816f70a9d1
Migraine,Counterfactual,2019-10-19T16:50:00Z,237,5,4,4,4,4,5,5,3,5,4,6,6,6,588d1466edb1bb291c86474195715cf5
Migraine,Counterfactual,2019-10-19T16:52:00Z,375,6,6,6,6,6,5,6,7,7,7,6,7,6,b5226d857245b39576337b1415d97933
Migraine,Counterfactual,2019-10-19T16:53:00Z,321,4,4,3,5,5,5,5,6,6,6,6,5,6,e6d48910bbc3bd0d3d6f14b9c4ff8360
Migraine,Counterfactual,2019-10-19T16:53:00Z,328,5,6,6,6,7,6,6,6,6,7,7,7,7,8756b29203ca5eb5ca66658549620e4a
Migraine,Counterfactual,2019-10-19T16:54:00Z,519,5,5,5,3,6,5,5,6,3,6,5,6,6,9b0a5305047b7005103128034a15faea
Migraine,Counterfactual,2019-10-19T16:55:00Z,456,3,3,4,4,5,4,4,5,4,6,5,6,6,1a43b0fc0807ed078099e8d0b0da694b
Migraine,Counterfactual,2019-10-19T17:02:00Z,1564,4,5,4,4,6,6,6,5,7,7,7,7,7,e951d141aa7d6afa46fbc2e55c7edc38
Migraine,Counterfactual,2019-10-19T17:07:00Z,384,4,5,4,4,4,4,4,3,4,4,4,5,4,bb53296bba4a110c8017dc91857f90f8
Migraine,Counterfactual,2019-10-19T17:25:00Z,257,7,5,7,1,6,7,6,7,7,7,6,7,7,1d9ff458f214d9b2b2ccd8dc1c8dbe51
Migraine,Counterfactual,2019-10-19T17:26:00Z,287,4,6,4,4,5,4,5,5,5,6,6,5,6,d186117b2f37438b4881d212651270c9
Migraine,Counterfactual,2019-10-19T17:32:00Z,581,4,4,5,3,6,4,5,3,3,5,6,7,5,07cd011c3a4aa8e21eff7f2cdd9ea921
Migraine,Counterfactual,2019-10-19T18:16:00Z,372,5,5,5,2,6,5,6,5,6,6,5,6,6,131e8d3f1238c8366fce02ce851ed6b0
Migraine,Counterfactual,2019-12-30T13:48:00Z,311,5,6,5,3,5,6,5,6,6,7,7,7,7,d488524117f3fe22fc83cb40371703b2
Migraine,Counterfactual,2019-12-30T13:54:00Z,299,4,4,4,3,4,3,5,6,5,6,6,6,6,90405697ce1c90e10096dd8ef34a187d
Migraine,Counterfactual,2019-12-30T14:06:00Z,298,4,4,4,3,4,5,5,5,6,5,6,5,5,6b4e419c66083ada88675acf645d4855
Migraine,Counterfactual,2019-12-30T14:11:00Z,333,5,5,6,4,6,7,7,4,4,6,6,7,6,f1d5ceec4f09cd62712b8bd92e326619
Migraine,Counterfactual,2019-12-30T14:13:00Z,304,5,6,6,3,6,6,6,6,5,7,6,7,7,40967df69cc1b8ffa96a6f298c96e328
Migraine,Counterfactual,2019-12-30T14:14:00Z,690,6,6,5,6,6,6,7,6,5,7,7,7,7,1216e6fa948d9f1968be6afc79c8b7cb
Migraine,Counterfactual,2019-12-30T14:15:00Z,268,5,5,4,3,6,6,6,5,3,5,5,6,5,c0239278b95103f99195bf99c105c79e
Migraine,Counterfactual,2019-12-30T14:20:00Z,279,5,6,7,4,5,6,6,4,6,6,7,7,4,2a3c31f307fe4ac1d2de6231af9cde1c
Migraine,Counterfactual,2019-12-30T14:25:00Z,808,5,5,5,4,7,5,6,6,6,6,6,7,6,eccf106a3a4fc662894e54590a3992bb
Migraine,Counterfactual,2019-12-30T14:26:00Z,271,5,6,5,3,7,5,7,7,5,7,6,7,6,3fd0ea0398f6c53fa4ca88e0daefcd2a
Migraine,Counterfactual,2019-12-30T14:26:00Z,362,5,5,5,3,5,4,5,6,6,6,6,5,6,43754b660545a70b88ded168ac11e157
Migraine,Counterfactual,2019-12-30T14:28:00Z,294,5,6,5,4,5,5,5,5,6,6,6,6,6,61bd7ab40f2bde948b37f2ab5cc0ad13
Migraine,Counterfactual,2019-12-30T14:33:00Z,396,5,5,4,4,6,5,7,7,6,6,6,7,7,3f6ca019faab2077a44c55d2e60d7b23
Migraine,Counterfactual,2019-12-30T14:35:00Z,698,6,7,6,6,6,5,6,7,6,7,7,7,6,4be542ff9d331a69e5bcfe2c0bba9fed
Migraine,Counterfactual,2019-12-30T14:36:00Z,298,6,6,5,5,6,7,7,6,5,6,5,5,6,7cfef8db54a838b4dbbec3908e1ae222
Migraine,Counterfactual,2019-12-30T14:40:00Z,694,5,4,4,2,7,4,6,3,4,7,6,5,7,49dd1fb113618dd04f48a8650efe2f49
Migraine,Counterfactual,2019-12-30T14:40:00Z,412,4,3,4,4,3,2,5,5,3,7,6,6,7,7752e8b9498d4ec75d01f827b68b0b46
Migraine,Counterfactual,2019-12-30T14:40:00Z,457,5,5,5,5,6,5,6,4,3,6,6,6,6,87d61bd8a8da105306ec6ca948003d43
Migraine,Counterfactual,2019-12-30T14:40:00Z,272,4,4,5,2,5,5,5,6,6,7,6,7,7,3db7df2d8e69c51033a696136515f18a
Migraine,Counterfactual,2019-12-30T14:42:00Z,269,5,5,5,3,5,5,5,5,5,5,6,4,5,9b5ded5f477da70e25b4f8490348663d
Migraine,Counterfactual,2019-12-30T14:43:00Z,274,5,5,5,6,5,6,6,6,5,6,6,6,6,8ecc1d21c97f2450a33639b84d9af372
Migraine,Counterfactual,2019-12-30T14:44:00Z,357,5,5,5,4,5,5,6,6,6,6,6,6,6,9ed2431142f33a0579a4dc27a72cd991
Migraine,Counterfactual,2019-12-30T14:45:00Z,361,5,5,4,2,5,6,7,6,5,7,7,7,7,8794bdd93f78f7f258e3166dcd133b80
Migraine,Counterfactual,2020-01-02T18:44:00Z,320,7,7,7,1,6,7,6,7,7,7,7,7,7,9960ef72bc78692214ca9bc227780203
Migraine,Counterfactual,2020-01-02T18:50:00Z,308,6,6,4,6,6,6,6,6,5,6,6,6,6,472de3391d05855f9b208803cd84f7cd
Migraine,Counterfactual,2020-01-02T18:55:00Z,255,5,4,7,5,5,6,6,6,5,6,6,6,6,9fcc812e31d1dd9127c4f67dd7d67666
Migraine,Counterfactual,2020-01-02T18:58:00Z,321,4,4,4,2,5,3,5,6,5,6,6,7,6,1614cd96c15056c913a8e6c13b7fae73
Migraine,Counterfactual,2020-01-02T19:05:00Z,323,6,6,6,3,7,6,7,7,6,7,7,7,7,d1ffdd48e5238038d46733f7ac5dc13f
Migraine,Counterfactual,2020-01-02T19:09:00Z,392,1,1,1,1,1,1,2,6,1,5,5,6,6,949f4a91a946eb13ca596c439e8190c9
Migraine,Counterfactual,2020-01-02T19:11:00Z,351,4,4,4,2,2,2,5,5,5,6,6,6,6,8ba30dcd193333fba1d90f909c1dd6a8
Migraine,Counterfactual,2020-01-02T19:16:00Z,289,6,5,5,5,6,7,7,6,7,7,6,7,7,2c97158ed062da82c1adce2a212ca40f
Migraine,Counterfactual,2020-01-02T19:17:00Z,458,5,6,4,3,5,3,5,6,6,6,3,6,5,29ddb67d31766a350af6dddcd362cf08
Migraine,Counterfactual,2020-01-02T19:19:00Z,314,5,6,5,2,6,7,7,6,6,7,6,6,7,984e9ce63e5dbd16bc5e64c05b2e3f47
Migraine,Counterfactual,2020-01-02T19:23:00Z,338,5,5,3,1,6,5,6,5,3,5,4,5,7,8f954d89d9981f03f783d9d9b2c2ae6d
Migraine,Counterfactual,2020-01-02T19:24:00Z,502,5,6,5,6,5,3,6,6,6,6,6,6,7,304f0aed172cc6778ec589616c2038f3
Migraine,Counterfactual,2020-01-02T19:26:00Z,372,4,4,4,3,4,5,6,3,3,6,5,7,6,4413a02d7ce5ad02c04d2d5fb03a7a97
Migraine,Counterfactual,2020-01-02T19:26:00Z,264,5,5,5,3,6,6,6,7,6,7,7,7,7,2c89f695ec9581f2a1b060f2cabc3746
Migraine,Counterfactual,2020-01-02T19:27:00Z,561,4,3,4,2,5,4,5,4,5,7,6,7,7,6af0c12e79fe90490f042f4a7d53f606
Migraine,Counterfactual,2020-01-02T19:27:00Z,595,5,4,5,3,5,6,6,5,6,6,6,7,6,29459a6ad7a43ea3753a39bd3a9540a2
Migraine,Counterfactual,2020-01-02T19:28:00Z,309,5,6,6,5,6,6,7,6,7,7,6,7,6,127107fa5b421715005d38f680430c84
Migraine,Counterfactual,2020-01-02T19:30:00Z,281,5,5,5,4,6,7,6,6,6,6,6,7,7,b18e06136667f819d85bc2840722a2ec
Migraine,Counterfactual,2020-01-02T19:30:00Z,488,4,4,5,4,6,6,6,5,6,7,5,7,7,976892c4d9c30c28e905850c73db8e4d
Migraine,Counterfactual,2020-01-02T19:31:00Z,449,5,5,5,3,6,5,6,6,6,6,7,7,7,035b2430d57c54bf7eeadee37d5fcc39
Migraine,Counterfactual,2020-01-02T19:32:00Z,312,5,5,5,5,6,5,6,5,6,5,5,7,6,aa5a5c7227e8922cf08353c5329dc0a9
Migraine,Counterfactual,2020-01-02T19:32:00Z,400,4,4,5,3,5,3,6,6,5,6,5,6,6,4eb3a39f45f1fc8a90c8e40e4b2ecba6
Migraine,Counterfactual,2020-01-02T19:33:00Z,438,5,5,6,4,7,6,7,5,5,6,5,7,6,7d53f52b6cd89253e3d13add07e2db4b
Migraine,Counterfactual,2020-01-02T19:34:00Z,436,5,5,4,6,5,5,6,5,5,6,6,6,6,11e6ff0da426c8d27311a9c73c63f9cd
GTA,Social Proof,2019-10-07T21:48:00Z,375,6,6,6,2,6,6,7,7,7,7,7,7,7,c9c540e17e7f035015fd7827a4aa1a7d
GTA,Social Proof,2019-10-07T21:50:00Z,259,5,5,5,4,6,6,6,6,6,6,6,6,6,377095ca2b16288164f0ecd2cc6c94a4
GTA,Social Proof,2019-10-07T21:50:00Z,321,5,5,5,3,7,7,7,5,6,5,5,7,6,f2f81ac4739992baedcb3d81e11907ce
GTA,Social Proof,2019-10-07T21:51:00Z,218,2,2,5,1,6,5,5,5,3,5,5,5,5,29c28f8b5e0f67f90800e054f62f4fdb
GTA,Social Proof,2019-10-07T21:51:00Z,307,5,5,5,2,5,6,6,6,6,7,7,7,7,e719a6dd13f366abb747607e3f675975
GTA,Social Proof,2019-10-07T21:52:00Z,294,4,6,4,4,5,6,6,6,7,6,6,7,6,40ea647ba46f0d6ec18b8b9484304a10
GTA,Social Proof,2019-10-07T21:53:00Z,257,5,5,4,4,6,6,6,6,3,5,6,6,6,6d211f1e9685292256262d3f0d3cf83b
GTA,Social Proof,2019-10-07T21:54:00Z,292,5,6,6,3,6,7,6,6,6,6,6,7,5,21959af1fd48f654ebe1dd116da2bb0a
GTA,Social Proof,2019-10-07T21:54:00Z,406,6,5,5,2,5,6,5,6,7,6,6,7,6,d55655f2f3bf88a6e5b122a3fe74905a
GTA,Social Proof,2019-10-07T21:55:00Z,354,3,3,3,2,6,6,5,5,2,2,3,6,2,aeb1dde309d3f5f75bf9096ad089bac5
GTA,Social Proof,2019-10-07T21:56:00Z,366,5,5,5,3,6,5,5,6,6,6,6,6,6,ed84b5b5feac61dd9c2d6c8b3986310b
GTA,Social Proof,2019-10-07T22:00:00Z,624,5,3,3,7,5,5,5,3,3,5,3,5,5,38c4365fb0f88cc54f93418c8a7e5a25
GTA,Social Proof,2019-10-07T22:37:00Z,425,5,5,4,3,6,6,6,5,3,6,6,6,6,1840e16093749092c0566a795db4da38
GTA,Social Proof,2019-10-08T19:06:00Z,247,4,4,5,3,5,5,5,3,2,3,5,7,2,01b840a37e3cfcddb436dc27615a1c91
GTA,Social Proof,2019-10-08T19:07:00Z,277,5,7,7,6,7,7,7,6,6,7,7,7,7,b3d4e23d425487dd7b288697c07f621a
GTA,Social Proof,2019-10-08T19:08:00Z,407,4,5,4,4,5,5,5,5,5,5,5,5,6,786eef86c0ff6903dd63519e3a799dc0
GTA,Social Proof,2019-10-08T19:09:00Z,421,5,5,5,2,6,5,6,5,5,5,6,6,6,f88b80f6e4e71e193ebb7b6a835cd3fa
GTA,Social Proof,2019-10-08T19:09:00Z,375,6,5,6,5,7,7,6,6,6,7,7,6,7,365e774e666146dceff2553c1cd30c46
GTA,Social Proof,2019-10-08T19:09:00Z,400,6,5,5,1,7,3,5,5,5,6,6,6,6,dfe0f45c87613d78223cdf69099541ea
GTA,Social Proof,2019-10-08T19:10:00Z,439,6,6,6,3,7,6,6,3,2,6,5,7,6,f33852b42b358238a5204f58f073dafe
GTA,Social Proof,2019-10-08T19:12:00Z,517,6,6,6,6,6,7,7,6,6,7,6,7,7,2539c0dc509c7c10b91ae9113b78dba1
GTA,Social Proof,2019-10-08T19:12:00Z,505,5,5,5,4,7,5,6,5,6,6,6,6,6,74e627c0b9eb8c2f51fc40609effc0d7
GTA,Social Proof,2019-10-08T19:13:00Z,472,5,6,5,4,6,6,7,6,6,6,6,6,6,15d1a36bada8af39a2f1e2e81584cfc1
GTA,Social Proof,2019-10-08T19:14:00Z,686,4,5,4,5,6,2,5,5,5,6,6,6,6,97e875afb40707628f436b4be71fbdd9
GTA,Social Proof,2019-10-08T19:14:00Z,706,5,6,5,3,3,4,4,5,4,4,4,6,5,80ca5a40f86a678091d4b585b4d61298
GTA,Social Proof,2019-10-08T19:21:00Z,446,5,5,5,4,7,6,6,5,6,6,5,7,6,7d7636fb9f611102982dd3afa68655fb
GTA,Social Proof,2019-10-08T19:49:00Z,282,4,4,4,2,4,3,4,5,5,5,5,5,5,1212e73cffca90ed53028bb1c75cd362
GTA,Social Proof,2019-10-19T16:40:00Z,409,5,5,6,4,6,1,6,7,6,7,7,7,7,fe8ef3323af027f3b50764ab8bc1f949
GTA,Social Proof,2019-10-19T16:42:00Z,306,4,6,4,4,6,4,5,5,6,6,6,7,6,fa3b8e4fe934f1b026611140d7b414ca
GTA,Social Proof,2019-10-19T16:44:00Z,275,6,5,5,2,7,5,7,7,5,6,7,6,6,85b97e242d71d4b85ad755775bd1d3b5
GTA,Social Proof,2019-10-19T16:44:00Z,441,2,2,3,4,4,2,4,7,6,6,6,6,3,45c7fa72618daa869609d332de841c29
GTA,Social Proof,2019-10-19T16:46:00Z,350,4,4,4,4,5,4,6,5,5,5,5,6,6,976e3ad42aafd67686fc942ede342342
GTA,Social Proof,2019-10-19T16:48:00Z,396,3,5,6,3,7,7,6,7,3,7,6,7,7,73fa5b519a69a195b4d6348526f12a1a
GTA,Social Proof,2019-10-19T16:48:00Z,347,3,4,4,3,7,3,4,2,3,5,5,7,5,a89c5b26f951aec32598b351b4bff313
GTA,Social Proof,2019-10-19T16:49:00Z,312,4,4,6,4,6,5,7,6,6,6,6,6,6,e8ed9dc686a20e8138ee62189a5f3bf6
GTA,Social Proof,2019-10-19T16:49:00Z,297,3,3,3,2,3,3,5,4,4,4,4,4,5,0a1fc4d25bae95870c46b9b5534bec2e
GTA,Social Proof,2019-10-19T16:51:00Z,471,5,5,5,3,6,6,6,6,6,5,6,6,6,6cbaf2962a03c3def6fb5449465d7892
GTA,Social Proof,2019-10-19T16:51:00Z,275,6,6,6,6,6,6,6,6,7,7,7,7,6,19b8c40cc1347ac4fa654613fdcb6145
GTA,Social Proof,2019-10-19T16:51:00Z,356,5,5,5,2,6,5,6,5,5,6,6,7,6,aad14f8343d1deb4f5aa908a7a322a48
GTA,Social Proof,2019-10-19T16:51:00Z,382,6,5,6,4,6,6,6,6,6,7,6,6,6,5ca6e7ec108d7110dc49d328183e265f
GTA,Social Proof,2019-10-19T16:53:00Z,244,7,7,7,7,7,7,7,7,7,7,7,7,7,ba4e4abd615c91d95fae12d683d267ee
GTA,Social Proof,2019-10-19T16:56:00Z,590,6,4,5,5,6,6,6,5,6,4,6,6,6,8d30df3e4971282d9ec488c5854645e3
GTA,Social Proof,2019-10-19T17:00:00Z,1244,6,6,5,3,7,7,7,6,3,5,6,7,6,a6d90b0c9b653c1b72f8489896433b46
GTA,Social Proof,2019-10-19T17:25:00Z,319,4,5,4,6,7,5,5,5,5,5,3,7,5,095a81e8e96f8557f371cb8379635049
GTA,Social Proof,2019-10-19T17:26:00Z,240,4,4,4,4,4,4,4,4,4,4,4,4,4,e8a4e72a9e8f706c20c596c6c0e9c898
GTA,Social Proof,2019-10-19T17:28:00Z,427,5,5,4,3,7,5,5,5,6,4,6,6,5,c6d090de45a0e16af689b94064b8776c
GTA,Social Proof,2019-10-19T17:28:00Z,403,7,7,7,6,7,7,7,7,7,7,6,7,7,435bb5524c728cd9a3475dc924a53ce7
GTA,Social Proof,2019-10-19T17:32:00Z,326,2,1,2,1,7,6,5,2,7,7,7,7,7,73e823c0b4cee8f8e56a9873366d23cd
GTA,Social Proof,2019-12-30T13:58:00Z,324,7,6,6,5,5,5,5,6,6,7,7,6,7,1fcad0ba463b8ca8f0e7d2d18846e63e
GTA,Social Proof,2019-12-30T13:59:00Z,333,5,4,6,4,6,4,6,6,5,6,6,7,6,dbe7b3ca858b5dc5fc9bef588d3027a4
GTA,Social Proof,2019-12-30T14:10:00Z,370,5,5,7,5,7,6,6,7,7,7,6,7,7,4e48faed1e5b5926bd4afe6fcf1e2a8b
GTA,Social Proof,2019-12-30T14:11:00Z,464,5,5,5,5,6,6,6,5,3,6,6,7,6,9e1f08418490f5abd8a66d9ee95d8350
GTA,Social Proof,2019-12-30T14:14:00Z,251,5,5,5,4,7,7,7,5,6,7,7,7,7,9c2e269beae8bf7b621e3f953eb95924
GTA,Social Proof,2019-12-30T14:15:00Z,431,3,2,2,2,2,1,5,3,5,6,6,6,3,d9ad7569ae01d7caa777358b09b2761c
GTA,Social Proof,2019-12-30T14:19:00Z,312,1,1,1,1,5,1,2,1,1,6,6,5,6,c1fe546cc451186edc98099245fee0d0
GTA,Social Proof,2019-12-30T14:21:00Z,270,3,5,5,3,4,3,4,3,5,4,5,6,4,c61dd653a76d64c949dfb7fdd0a3e457
GTA,Social Proof,2019-12-30T14:25:00Z,590,6,5,6,3,6,6,6,6,6,6,6,6,6,89f762adf6df385f4fc6279443745fb3
GTA,Social Proof,2019-12-30T14:29:00Z,658,6,6,6,6,6,6,6,6,6,6,6,7,6,8b185ff446c31659b04897778f8f103f
GTA,Social Proof,2019-12-30T14:31:00Z,634,6,6,6,3,7,6,6,6,7,7,7,7,6,cb33f2f864e910411f48c3cc811479c1
GTA,Social Proof,2019-12-30T14:32:00Z,569,4,4,4,3,4,4,4,3,3,4,6,5,5,0ad454fa919f8ba2f0be378af466c8e6
GTA,Social Proof,2019-12-30T14:32:00Z,299,5,7,6,6,7,7,7,6,4,6,7,7,6,f11ddc3b5289f2bd06b171a7bc2ce3de
GTA,Social Proof,2019-12-30T14:38:00Z,618,5,5,5,3,3,5,6,3,3,4,6,6,5,3d48ecd9ef38c16750bb98b215476d77
GTA,Social Proof,2019-12-30T14:39:00Z,332,6,6,7,3,5,6,7,6,7,6,7,5,6,211e2c866a9bbf0875c8242423adc54c
GTA,Social Proof,2019-12-30T14:39:00Z,310,4,6,6,3,6,6,6,5,7,6,7,7,6,3f0ea8bb921e953b7a7019921c0a65c6
GTA,Social Proof,2019-12-30T14:42:00Z,399,5,6,5,4,7,6,6,5,6,5,5,6,3,28ae84d86796b94d8102f6a87270bdf6
GTA,Social Proof,2019-12-30T14:43:00Z,419,5,4,5,4,7,4,5,4,3,5,5,6,5,0e79c305adde8433e0c0ed5a6cde44e6
GTA,Social Proof,2019-12-30T14:43:00Z,298,4,3,4,2,7,5,6,4,3,4,4,7,5,5b22dfbfd91be74e7f35600bb681c03b
GTA,Social Proof,2019-12-30T14:45:00Z,349,4,3,4,2,6,4,5,4,1,5,3,7,4,995a40783bd485d371e9ed72aa34e7d5
GTA,Social Proof,2019-12-30T14:47:00Z,355,5,5,5,3,6,6,6,5,6,6,6,6,6,d04585882289c717e487bb432277a2bc
GTA,Social Proof,2019-12-30T14:49:00Z,297,5,5,5,3,5,5,5,5,6,6,6,6,6,3653252fc38b16d692a506758d073b5f
GTA,Social Proof,2020-01-02T18:48:00Z,402,5,6,5,5,7,7,7,6,6,6,6,7,6,8db85d3e4d1b04bdb219b152be544404
GTA,Social Proof,2020-01-02T18:54:00Z,480,4,4,4,3,4,2,4,4,4,5,5,6,5,cc2d08943187cc447fd718a258428f9e
GTA,Social Proof,2020-01-02T18:56:00Z,316,5,6,5,3,6,7,6,6,6,5,5,5,6,b74eb615240e01fb55476b5232c39778
GTA,Social Proof,2020-01-02T18:58:00Z,475,4,3,3,4,5,4,3,5,5,6,5,4,5,eca31b78fb8c568a38c73096592f9387
GTA,Social Proof,2020-01-02T19:06:00Z,538,4,5,4,2,5,3,5,5,6,5,5,6,5,54a89bc9427cf4de5bc3a2e6552efa2f
GTA,Social Proof,2020-01-02T19:12:00Z,314,5,3,4,4,6,5,5,2,3,6,6,6,6,c14068ee0a2973903c1e2ef4343cb580
GTA,Social Proof,2020-01-02T19:13:00Z,244,4,4,4,4,6,3,3,5,3,4,6,7,6,efff7b9373ae1562e804c9ca50fcbcd5
GTA,Social Proof,2020-01-02T19:21:00Z,645,5,4,5,4,7,5,5,5,5,6,6,7,7,32cdd4fc18bbde997027f5af849888af
GTA,Social Proof,2020-01-02T19:21:00Z,282,5,4,5,5,7,6,6,6,6,5,6,7,5,453167c6229cba156adc840f78186575
GTA,Social Proof,2020-01-02T19:22:00Z,379,6,6,6,5,7,6,6,6,5,6,5,6,6,592e9ddf1e998b6873662d1d48ad02f2
GTA,Social Proof,2020-01-02T19:22:00Z,296,5,4,5,3,7,5,6,6,7,6,6,6,6,dbfeb076e11d0c7639bcdf9316731338
GTA,Social Proof,2020-01-02T19:25:00Z,500,5,5,5,5,7,7,7,7,7,7,5,7,6,2dc3f05d077e870323f912e8921c00fb
GTA,Social Proof,2020-01-02T19:26:00Z,395,5,3,4,3,6,6,6,5,6,5,6,6,5,b24aedad28b2dc8dd0f343c25d8d619b
GTA,Social Proof,2020-01-02T19:27:00Z,311,4,5,5,4,6,6,6,6,5,6,6,6,6,6d5a4275c30d6ff9fc3c670436ae1292
GTA,Social Proof,2020-01-02T19:29:00Z,274,5,5,4,3,7,5,6,6,6,6,6,7,6,99e16558ceebe95973c5e2a7fe60256c
GTA,Social Proof,2020-01-02T19:30:00Z,412,4,4,4,2,7,5,5,6,6,5,6,6,6,40e83a70aec7cd764dcbf1f38a3dff40
GTA,Social Proof,2020-01-02T19:30:00Z,239,4,4,5,2,5,4,5,4,6,6,6,6,6,875fe5eca2567783437f4b4da7cbacda
GTA,Social Proof,2020-01-02T19:31:00Z,375,5,6,4,3,7,6,7,6,5,5,6,7,6,f343b2a91fd09633c23e22b678724f7f
GTA,Social Proof,2020-01-02T19:32:00Z,637,5,5,5,5,5,6,6,6,6,6,5,6,6,e2086b41c2ccb7dfd44d3e2ac6b99092
GTA,Social Proof,2020-01-02T19:33:00Z,458,4,3,4,3,6,4,5,5,3,3,6,7,5,83e0b977c1a2e34aace4bdeb18009f67
GTA,Social Proof,2020-01-02T19:34:00Z,496,5,5,5,2,6,5,7,5,3,5,5,7,5,8f4880393e775b0ebbbca9670ba97d63
GTA,Social Proof,2020-01-02T19:39:00Z,462,4,4,4,2,6,5,5,6,5,5,6,7,6,d51522cc4115b37556deebc51d25b5ed
GTA,Social Proof,2020-01-02T21:17:00Z,272,3,3,3,2,5,2,5,2,5,5,5,6,6,99324ebccce0ffc9051e029ca2917c46
Migraine,No Explanation,2019-10-07T21:48:00Z,296,3,3,5,4,4,5,5,5,6,6,6,7,6,0acd0835b061f4aea11c327464da7513
Migraine,No Explanation,2019-10-07T21:50:00Z,452,6,6,6,6,6,6,6,6,6,6,6,6,6,3590277f71d82f5d2e70fe74c7c9744a
Migraine,No Explanation,2019-10-07T21:50:00Z,279,7,6,6,1,6,6,7,7,7,7,6,7,7,a97be0dbb25b9252d82cf3db778f8831
Migraine,No Explanation,2019-10-07T21:51:00Z,367,5,5,6,3,5,6,6,6,6,6,7,6,7,182450bd76aea9c4670eaa458cb6bf0c
Migraine,No Explanation,2019-10-07T21:53:00Z,373,5,5,4,2,6,5,6,5,6,6,4,5,5,d7e05c7981acd071b38ea21148b1ec9f
Migraine,No Explanation,2019-10-07T21:53:00Z,318,5,5,5,3,6,5,6,5,6,6,6,5,6,e3783907fb6f772bc957176f863d2658
Migraine,No Explanation,2019-10-07T21:54:00Z,395,4,4,5,3,6,6,6,6,5,6,5,6,6,a502c59242ce110c9338c6a1e1dcf6c0
Migraine,No Explanation,2019-10-07T21:55:00Z,351,4,5,5,3,6,6,6,5,6,5,5,6,5,c40ef6548c3fa5913412f8cc3ddbdcad
Migraine,No Explanation,2019-10-07T21:57:00Z,473,5,5,5,4,6,5,6,4,5,6,6,6,6,ef5f71d10b086a2997baa37742079141
Migraine,No Explanation,2019-10-07T21:57:00Z,544,4,3,3,2,4,2,4,4,3,5,6,5,5,6e7b5685c2b513d9742e7c839eb0a57b
Migraine,No Explanation,2019-10-07T22:04:00Z,264,4,7,4,3,6,4,6,6,6,6,7,7,6,e3ced04329aa953bd15b8229faf2f2b6
Migraine,No Explanation,2019-10-08T19:07:00Z,267,6,5,5,5,7,7,7,6,4,6,7,7,6,ef40dd9593dfa603cd4de59058b0714f
Migraine,No Explanation,2019-10-08T19:08:00Z,368,6,7,6,6,6,6,6,7,6,7,7,6,6,23e4424bcca62c39ae102513f1b8da68
Migraine,No Explanation,2019-10-08T19:08:00Z,279,6,6,6,6,6,6,7,4,1,7,7,7,7,b87892effb76f9dff2e3ecda2c98d05f
Migraine,No Explanation,2019-10-08T19:08:00Z,308,6,6,6,5,7,5,6,7,6,7,7,7,7,24515b889178c613bcba9bce8b98689a
Migraine,No Explanation,2019-10-08T19:09:00Z,347,5,5,7,5,7,7,7,7,7,7,7,7,7,15c9b60a6797ef769dc47a0c63e333ed
Migraine,No Explanation,2019-10-08T19:09:00Z,340,5,5,5,3,6,3,5,5,5,5,6,7,6,ac277ee98a90c63434fa4e05f6b4cb1b
Migraine,No Explanation,2019-10-08T19:09:00Z,394,2,5,4,1,6,1,5,5,5,5,5,6,6,3b4b842fb9b24ae47b98bb85971b8978
Migraine,No Explanation,2019-10-08T19:09:00Z,450,4,4,4,5,5,5,6,5,5,6,5,5,6,6d0c2b638d71d216d04fad0b3dac1a46
Migraine,No Explanation,2019-10-08T19:11:00Z,479,4,5,5,4,5,5,5,4,6,6,6,6,6,a07b3b637890c3678f2a52b51780a70c
Migraine,No Explanation,2019-10-08T19:11:00Z,482,6,6,6,5,6,6,6,6,6,6,7,7,6,58194447b649471f1059291a7e572adc
Migraine,No Explanation,2019-10-08T19:13:00Z,602,6,7,6,6,6,7,7,6,5,6,7,7,5,06c2e7d46cf45331e4c3d90d88d60b4f
Migraine,No Explanation,2019-10-08T19:14:00Z,439,5,5,6,5,6,6,6,6,5,6,6,7,6,235e3f16a395ab208c25bc55139c7f29
Migraine,No Explanation,2019-10-08T19:14:00Z,664,5,5,4,3,5,4,5,6,6,6,6,6,6,f95c06e4e1bf60563da69c7167351fd2
Migraine,No Explanation,2019-10-19T16:38:00Z,670,3,3,5,1,6,7,3,3,5,6,5,7,6,193e3bfd7c0125064c4e54206fcdafb8
Migraine,No Explanation,2019-10-19T16:43:00Z,419,2,4,3,4,4,2,4,5,2,6,6,6,6,203ac4d8d78ddd5be8386f06cfd6cb4d
Migraine,No Explanation,2019-10-19T16:43:00Z,242,5,4,4,4,3,5,5,4,5,4,5,6,5,d12079591ac1a5e557d1b45415583338
Migraine,No Explanation,2019-10-19T16:43:00Z,360,7,7,6,1,7,6,7,6,6,6,5,6,6,a88179c2c10eb4bcdcb6e2fd078804a5
Migraine,No Explanation,2019-10-19T16:43:00Z,653,5,3,4,3,5,3,3,4,3,5,5,5,5,3bb57a1e40fd8c2eda3c08f7d247a670
Migraine,No Explanation,2019-10-19T16:46:00Z,290,5,4,5,4,3,6,6,6,6,5,4,6,5,381354ee8ff9eebb4882b9c371b4c170
Migraine,No Explanation,2019-10-19T16:47:00Z,301,5,6,5,6,6,6,7,3,6,6,7,7,7,d889a3816f0b6af6753b3f28d54c34f3
Migraine,No Explanation,2019-10-19T16:48:00Z,257,5,4,5,3,5,4,4,5,6,6,6,5,6,3b7a8db55f5cc4c2dfbca20a185b4844
Migraine,No Explanation,2019-10-19T16:48:00Z,223,4,6,3,3,6,7,6,3,2,5,6,7,6,d0d9f3a70e8874a0e491ff7b29b23ead
Migraine,No Explanation,2019-10-19T16:49:00Z,405,2,4,2,4,6,1,5,3,2,2,5,6,5,120e5f46cd6af08e5450e612254e8197
Migraine,No Explanation,2019-10-19T16:52:00Z,315,5,5,5,4,5,6,6,6,6,7,6,6,6,3c7d39b496ac5922f5b8b05497008f7f
Migraine,No Explanation,2019-10-19T16:52:00Z,329,3,3,4,2,4,5,5,3,5,4,5,6,4,790e30f90a0c24741b16ab840a8fae64
Migraine,No Explanation,2019-10-19T16:55:00Z,702,5,6,6,5,6,5,6,6,6,6,6,6,3,79c5f3df8c25ec7f5136ea6df0129827
Migraine,No Explanation,2019-10-19T16:57:00Z,533,5,5,5,3,6,6,6,3,3,7,7,5,6,2ec94cb9dccbedf612efebab5c27c268
Migraine,No Explanation,2019-10-19T16:58:00Z,684,4,6,5,3,7,6,6,4,3,7,6,6,7,807d02756182bd23eee8ed025c33c7b4
Migraine,No Explanation,2019-10-19T17:04:00Z,382,6,6,6,6,6,6,6,7,6,7,7,7,7,b6629151dc08215e0c26c3717e3f2f0f
Migraine,No Explanation,2019-10-19T17:24:00Z,545,4,5,6,3,5,4,5,3,2,5,7,7,6,1677634ff7867ee2f3a87e08b179f8ca
Migraine,No Explanation,2019-10-19T17:25:00Z,313,6,6,6,1,7,5,6,6,7,6,6,7,7,5f5232d3e7cfb532ecfcc8567034a6a0
Migraine,No Explanation,2019-10-19T17:26:00Z,267,5,6,6,5,6,5,6,6,6,6,6,7,6,ca7fb60a35b5e268038714e47bc6096d
Migraine,No Explanation,2019-10-19T17:28:00Z,370,4,4,5,3,6,5,5,5,6,6,6,6,6,9f2cfd95d2488646bcd3a0ae9c2ec7b5
Migraine,No Explanation,2019-10-19T18:16:00Z,329,4,3,3,2,4,2,5,4,5,7,6,6,6,623fb8a23d1df032c07657592965d61b
Migraine,No Explanation,2019-12-30T13:55:00Z,340,5,4,4,4,5,6,6,5,5,5,6,4,5,d6e81f764a9ea8923e480aa50da97fe8
Migraine,No Explanation,2019-12-30T14:02:00Z,365,5,5,5,4,6,6,6,3,3,6,6,6,5,fba90dfd66f170563107beff97ff2462
Migraine,No Explanation,2019-12-30T14:11:00Z,361,5,5,5,3,7,6,6,7,6,6,7,5,6,d07af19774e83f4c7bd96f38c097c535
Migraine,No Explanation,2019-12-30T14:12:00Z,281,6,6,6,2,6,6,7,6,5,7,7,7,7,062d0113d19352d73dce6f340c4c8a96
Migraine,No Explanation,2019-12-30T14:20:00Z,295,4,2,2,2,4,2,2,4,2,6,6,6,6,5e79926f7d85f41d24059b029721343f
Migraine,No Explanation,2019-12-30T14:21:00Z,347,4,4,3,1,3,5,2,4,2,7,5,7,7,8be21c3f30b8edc7722e168c1e7a4690
Migraine,No Explanation,2019-12-30T14:24:00Z,279,6,5,6,5,5,6,6,7,6,5,6,6,6,ffd9050c38e710249263d1552e50de1d
Migraine,No Explanation,2019-12-30T14:26:00Z,539,3,2,3,1,2,5,5,5,3,6,6,7,7,f4601b272d54dafde993575b92dd0cf5
Migraine,No Explanation,2019-12-30T14:26:00Z,246,5,5,5,3,5,5,7,6,6,7,7,6,7,9474447f323fbbbf77920fab78742d7f
Migraine,No Explanation,2019-12-30T14:29:00Z,374,1,1,2,1,1,1,1,3,3,6,6,6,6,48788e1490cc52e8371160c91147341c
Migraine,No Explanation,2019-12-30T14:31:00Z,246,5,4,5,3,6,7,7,7,6,7,7,7,7,a3ed49d8f9af9a038282f41cd836a8b5
Migraine,No Explanation,2019-12-30T14:32:00Z,315,4,4,5,4,6,5,5,5,3,6,6,6,6,f460647af51ab00d6bda9a2772f28939
Migraine,No Explanation,2019-12-30T14:36:00Z,534,5,6,5,6,6,6,6,4,3,6,6,6,6,bc3455e9b8996b6397007693d8aa273c
Migraine,No Explanation,2019-12-30T14:37:00Z,322,4,5,5,2,5,4,5,3,6,6,6,6,6,e92a648e80441b42e16507480af984b8
Migraine,No Explanation,2019-12-30T14:38:00Z,369,5,6,6,4,6,5,5,4,4,7,6,6,6,0cd5c6ad0290247c103a3eb2d82f7d61
Migraine,No Explanation,2019-12-30T14:40:00Z,260,6,6,5,6,6,6,6,6,5,6,5,6,6,4108ca0695aeae738a6cc3014492f4c2
Migraine,No Explanation,2019-12-30T14:40:00Z,326,5,6,5,4,7,6,6,6,6,6,6,7,6,a5b0d57e26d94f8704a3e65c84e1065a
Migraine,No Explanation,2019-12-30T14:42:00Z,314,2,3,3,2,6,5,5,6,5,7,7,7,7,8bf02a96d2417ec0664db811181cff48
Migraine,No Explanation,2019-12-30T14:44:00Z,333,6,6,6,5,6,6,7,5,5,5,5,6,7,0d726cdec3473bef3204a224a928dab5
Migraine,No Explanation,2019-12-30T14:45:00Z,547,5,5,5,3,6,4,5,6,5,6,6,6,6,e14f5236ed3b5c1fcc24a5dc14405b04
Migraine,No Explanation,2019-12-30T14:46:00Z,523,6,6,6,6,7,6,4,6,7,7,6,6,6,4ebf8e6f44109fa65d695800541b64a7
Migraine,No Explanation,2019-12-30T15:20:00Z,340,5,6,6,2,6,6,5,3,5,6,6,7,6,a65a32523822eb1f2c30be450adcb4d4
Migraine,No Explanation,2020-01-02T18:46:00Z,308,2,3,4,2,2,4,5,4,3,3,5,5,6,e32f03d9793b4d694a32965f6f9a1a0f
Migraine,No Explanation,2020-01-02T18:54:00Z,532,2,4,3,3,6,5,5,3,3,7,7,7,7,4da650d9fcb523a15b966a2859ac6130
Migraine,No Explanation,2020-01-02T19:02:00Z,500,6,6,5,3,7,6,6,6,6,6,6,7,6,b962e0e89124f4eff8ca14832029a8dc
Migraine,No Explanation,2020-01-02T19:03:00Z,264,4,4,4,4,5,4,4,4,5,4,4,4,5,807a0393104e8de72979bbc00c421e7a
Migraine,No Explanation,2020-01-02T19:09:00Z,334,6,4,6,4,6,6,7,6,6,6,6,7,6,d21214b8a6e94d7d06a3e36f85636bee
Migraine,No Explanation,2020-01-02T19:16:00Z,283,5,6,6,3,5,6,6,6,6,6,6,6,6,61bacdd5e27826511aca5be77934f0eb
Migraine,No Explanation,2020-01-02T19:16:00Z,407,6,6,6,4,6,6,7,5,6,6,6,7,6,dd1c31bef96caab42630115f51081064
Migraine,No Explanation,2020-01-02T19:21:00Z,279,6,6,6,6,6,7,6,5,3,7,6,7,7,86e1324e26787a027b0149679dd9f3d4
Migraine,No Explanation,2020-01-02T19:21:00Z,542,6,4,5,3,7,6,6,5,3,6,3,6,6,4ea71f805258c6b8fdf829e0ceafe769
Migraine,No Explanation,2020-01-02T19:21:00Z,413,3,3,6,2,5,2,5,6,6,7,7,7,7,0d4f0b8d9319e59840ee020c8e68184e
Migraine,No Explanation,2020-01-02T19:22:00Z,272,4,5,4,2,4,6,7,2,2,6,7,6,6,3b07b3c558d8f211505e674d505ab324
Migraine,No Explanation,2020-01-02T19:24:00Z,322,6,7,6,3,7,7,7,6,4,6,7,7,6,b9b86c94925f7f676bce3a3bcf607a0b
Migraine,No Explanation,2020-01-02T19:24:00Z,371,4,4,5,4,7,4,5,6,6,7,6,6,7,38fbaf313b48cbe5f16b97fff0be9c83
Migraine,No Explanation,2020-01-02T19:26:00Z,332,4,5,4,4,5,3,6,5,3,5,6,6,6,dac71c88d9b6604fa570c84902a53471
Migraine,No Explanation,2020-01-02T19:28:00Z,359,6,6,6,2,6,6,6,6,6,6,6,7,6,971238da0ee09773f89f92e856a763c6
Migraine,No Explanation,2020-01-02T19:29:00Z,382,4,4,3,4,6,6,6,5,5,6,6,6,6,447c15737915225e883464a921060b20
Migraine,No Explanation,2020-01-02T19:32:00Z,296,4,3,5,3,5,5,6,4,4,4,5,6,5,30c742fc3e4b92023d77e52d26ec9b6f
Migraine,No Explanation,2020-01-02T19:32:00Z,459,5,5,5,2,6,6,7,7,7,7,7,7,7,e60571636750b4e71b0d93dbdffab636
Migraine,No Explanation,2020-01-02T19:32:00Z,608,3,5,3,3,2,2,5,6,6,6,6,7,7,f5a448cbe43e289b6f7706f8131cb869
Migraine,No Explanation,2020-01-02T19:35:00Z,529,6,5,4,3,4,4,4,5,7,5,5,5,6,8904042b6c0448abb23ff5d9df2d37db
Migraine,No Explanation,2020-01-02T19:36:00Z,271,2,2,3,1,2,2,4,4,2,2,2,5,2,0efbf51acf7add62db905d42ff41d404
Migraine,No Explanation,2020-01-02T21:17:00Z,389,4,5,5,6,7,5,6,5,6,6,6,6,5,52c3e5691e44631ff88a14873444b48e
Migraine,Social Proof,2019-10-07T21:48:00Z,281,4,5,6,4,5,5,6,5,3,6,6,5,6,fb31ee28a5b51d7e3a4ef621814410fc
Migraine,Social Proof,2019-10-07T21:52:00Z,340,4,4,5,3,6,5,5,5,5,6,6,7,6,7a6684a03e818bb518d7a3e1df555ace
Migraine,Social Proof,2019-10-07T21:52:00Z,297,3,5,5,2,2,4,5,6,5,3,5,5,4,87ab3264a206b6d8da2a99b2b928273e
Migraine,Social Proof,2019-10-07T21:52:00Z,326,5,4,5,5,5,6,6,5,6,6,7,6,7,6e5733430cc3acf73c07571b3b5a6d15
Migraine,Social Proof,2019-10-07T21:53:00Z,294,4,4,5,4,5,4,5,5,6,6,5,6,6,fbcb4c7c9ea0631410b73c83025fae64
Migraine,Social Proof,2019-10-07T21:53:00Z,210,3,5,6,4,5,7,7,5,6,5,5,2,6,634d565a9c6f71c29b05bdba6e6f8d20
Migraine,Social Proof,2019-10-07T21:54:00Z,352,5,5,5,5,6,6,6,2,1,7,7,7,7,ec7862d1b496ff58bcd16662a91cd423
Migraine,Social Proof,2019-10-07T21:54:00Z,329,5,6,7,5,7,7,7,7,7,1,7,7,7,535c35c7050bd2cdf98fcef6a76e6c84
Migraine,Social Proof,2019-10-07T21:57:00Z,357,3,3,3,3,5,3,3,3,2,5,5,6,6,3fac13510c53ce0193c76ceb981a2e45
Migraine,Social Proof,2019-10-07T22:05:00Z,893,5,4,5,3,5,5,5,5,5,6,5,6,6,492e521f331e8087812ad417f00eb3e7
Migraine,Social Proof,2019-10-08T19:06:00Z,229,3,1,3,1,5,2,5,5,3,5,6,4,5,9d288cc073aace2124bce3eb0ab91a76
Migraine,Social Proof,2019-10-08T19:07:00Z,336,5,3,4,3,6,5,6,6,5,6,7,6,6,bb60ae997911441924873eb7cb1e896d
Migraine,Social Proof,2019-10-08T19:08:00Z,321,6,6,6,5,6,6,6,6,6,6,6,6,6,76522b9dbf9fc03809c8eeda34652c24
Migraine,Social Proof,2019-10-08T19:08:00Z,372,5,5,4,5,6,6,6,6,5,6,5,6,6,c2be8f8289e0dc7bedd57cd0ba49e31c
Migraine,Social Proof,2019-10-08T19:09:00Z,332,4,4,4,3,5,4,4,6,6,6,6,6,5,91ae0da106f75675347649728a3e1a3b
Migraine,Social Proof,2019-10-08T19:09:00Z,333,3,3,3,3,3,3,3,3,3,3,6,5,5,8bf30e0cf90b545c859364af5d020693
Migraine,Social Proof,2019-10-08T19:09:00Z,463,5,5,5,3,5,5,5,5,6,6,6,6,6,9cd33c03d2018034b6866aaca4bcad84
Migraine,Social Proof,2019-10-08T19:10:00Z,356,4,4,5,2,5,4,5,4,5,6,6,5,6,da0ef5cfc1a51a6afee374fde536b304
Migraine,Social Proof,2019-10-08T19:10:00Z,370,5,4,4,4,5,5,6,5,5,6,6,6,6,643f799fd9804bff5c8b54c650cd7cd8
Migraine,Social Proof,2019-10-08T19:12:00Z,348,1,5,2,2,2,1,2,1,1,5,6,6,5,2364629384e89f6c29f1e989db860b28
Migraine,Social Proof,2019-10-08T19:20:00Z,788,3,3,3,2,3,3,5,5,5,5,5,6,5,b3bb906dec8aa9a1c06a9d9f1e2d4eec
Migraine,Social Proof,2019-10-08T19:31:00Z,1705,4,6,5,4,6,6,7,6,6,7,6,6,7,2c8f58f69063eb9b393478862d48ecea
Migraine,Social Proof,2019-10-19T16:37:00Z,333,3,5,4,3,4,5,6,5,5,5,5,6,6,13fce1932767cb65abc7d771093f905c
Migraine,Social Proof,2019-10-19T16:37:00Z,324,5,2,3,3,6,3,5,3,1,5,5,6,6,0fab73c9fe11835969425d85ebb80b21
Migraine,Social Proof,2019-10-19T16:43:00Z,438,4,5,4,3,5,4,5,4,5,7,5,6,6,6c7fd799379fbfa8035e22d7e2ead37b
Migraine,Social Proof,2019-10-19T16:43:00Z,544,4,5,3,4,4,5,5,4,3,4,6,5,3,c9efbe6ad31d2febe5b1f0c9e2b0aa38
Migraine,Social Proof,2019-10-19T16:44:00Z,305,5,5,5,1,6,6,5,5,5,6,6,7,7,b69c9c0fc51ed40e5a8a80b333a053c3
Migraine,Social Proof,2019-10-19T16:44:00Z,349,5,5,5,3,5,3,5,4,5,5,5,6,5,c194be44608dbec88b6075a3ef6a8a35
Migraine,Social Proof,2019-10-19T16:45:00Z,318,3,4,4,3,5,5,6,3,3,6,6,6,6,1b92046ce4481b91d5103cffdc8db1eb
Migraine,Social Proof,2019-10-19T16:47:00Z,300,5,6,6,4,6,5,6,6,6,6,6,6,6,d4065c9be51355494e237cd18ad74578
Migraine,Social Proof,2019-10-19T16:48:00Z,301,6,6,5,2,6,6,7,6,6,6,6,6,6,664c469635118f59b6a4533a6f13d7f0
Migraine,Social Proof,2019-10-19T16:49:00Z,301,4,5,5,3,7,7,7,5,3,7,5,7,7,fb700df5aecb7ee819fb457bf0b367c8
Migraine,Social Proof,2019-10-19T16:50:00Z,381,4,4,4,4,7,5,5,3,3,6,4,6,6,b029ce464d37c66374fee4c08d2c623c
Migraine,Social Proof,2019-10-19T16:51:00Z,694,3,5,3,3,4,4,6,5,5,6,6,6,6,8951aea65001de0aa77737fa03725f5c
Migraine,Social Proof,2019-10-19T16:51:00Z,304,6,6,5,6,5,4,6,7,7,6,6,6,7,7760a561c1df1732134c26295bd73ce7
Migraine,Social Proof,2019-10-19T16:52:00Z,336,4,7,6,1,4,5,5,6,6,6,4,6,7,4e6d6512d99f154c1cd1c87bd107049b
Migraine,Social Proof,2019-10-19T16:53:00Z,351,5,5,4,2,5,4,5,5,6,6,6,6,6,87f3d52f81d8decf7e00615c6cf3469d
Migraine,Social Proof,2019-10-19T16:54:00Z,403,5,3,4,3,6,5,4,5,5,6,6,7,6,dbc38442df1e8b4f77156d8e6f4b620c
Migraine,Social Proof,2019-10-19T16:55:00Z,501,5,5,5,1,6,3,6,5,3,5,6,7,5,3e83b2359313124bacd803b67ced6fff
Migraine,Social Proof,2019-10-19T16:55:00Z,789,5,5,6,5,6,5,7,5,7,7,7,7,7,c06a74b3bd41c4dd19727232f3824b29
Migraine,Social Proof,2019-10-19T16:55:00Z,531,4,4,4,3,6,4,5,6,6,6,6,6,6,4d0ad2127df7c9fad6566a81bccdf278
Migraine,Social Proof,2019-10-19T16:57:00Z,378,3,5,3,3,5,4,5,5,5,6,6,6,6,3e5059540c80dd1136163df3a22b1aaa
Migraine,Social Proof,2019-10-19T17:25:00Z,332,5,5,5,5,5,6,6,7,6,7,6,7,7,52a65b8a298092264f099740aff39cae
Migraine,Social Proof,2019-10-19T17:26:00Z,345,6,4,4,4,6,4,5,6,5,7,7,6,6,708580c9dea39275c52b5c44ae16b39f
Migraine,Social Proof,2019-10-19T17:28:00Z,336,6,6,4,5,7,6,6,4,5,7,7,7,7,2ac951f9141421d2f77d313954e651a9
Migraine,Social Proof,2019-10-19T17:28:00Z,346,5,5,4,4,6,5,5,6,4,6,5,6,6,7deac9ddda9366472e4377479f5c93af
Migraine,Social Proof,2019-12-30T13:55:00Z,347,4,5,4,3,5,5,5,3,2,7,7,7,7,2e49569e66f9b7f835290eb48febd57c
Migraine,Social Proof,2019-12-30T14:05:00Z,336,6,6,6,4,7,6,6,6,6,7,7,6,7,05a646db7d1e9b3d3ca1642984a85b59
Migraine,Social Proof,2019-12-30T14:07:00Z,285,4,4,6,3,5,4,6,5,5,6,3,6,6,8bd7c7c535d5eddae504abacb21ab1ae
Migraine,Social Proof,2019-12-30T14:12:00Z,302,4,5,3,5,5,3,5,4,1,5,6,5,7,19e797453cf49cea6137208ff9707283
Migraine,Social Proof,2019-12-30T14:13:00Z,507,3,2,3,2,4,5,5,4,2,6,6,6,6,a9dd1d639c70c998255a680b18d4402e
Migraine,Social Proof,2019-12-30T14:16:00Z,459,4,6,5,6,6,6,6,6,5,6,6,7,6,97d6fa9042bddcb110cd6b0438d16ec4
Migraine,Social Proof,2019-12-30T14:21:00Z,398,5,5,6,5,6,6,7,6,7,7,6,7,6,fe31875941898f56047dee151e1c0f5b
Migraine,Social Proof,2019-12-30T14:21:00Z,307,5,5,6,4,6,6,6,6,3,6,6,6,6,926081fa825236e32632725e662efb74
Migraine,Social Proof,2019-12-30T14:24:00Z,487,6,6,5,5,6,5,6,3,1,6,5,6,6,8f7686cad9e5bd0db44de0b921ca12c3
Migraine,Social Proof,2019-12-30T14:27:00Z,467,5,5,5,3,5,5,5,6,6,6,6,6,6,c3c220df86e5921b4746c6116f4760f2
Migraine,Social Proof,2019-12-30T14:27:00Z,286,4,5,3,3,4,5,6,5,5,6,6,6,6,f81b47d3fa9e6529963ee5a1e3a82ce5
Migraine,Social Proof,2019-12-30T14:27:00Z,357,5,5,6,2,4,3,5,4,3,6,2,7,6,dcbdb7ada9ff8a3060ec04bbbd00d619
Migraine,Social Proof,2019-12-30T14:33:00Z,491,5,4,4,5,6,6,7,3,3,6,6,7,5,7bea806b1195dab774c2f0bf399fb7b1
Migraine,Social Proof,2019-12-30T14:34:00Z,365,6,6,6,3,7,6,6,6,6,5,7,5,6,d5e15c12df1eccecf402f6251f299592
Migraine,Social Proof,2019-12-30T14:34:00Z,438,4,4,4,2,5,3,5,5,5,6,5,5,6,fa843f9625577bdc276b0c36e2753823
Migraine,Social Proof,2019-12-30T14:36:00Z,373,3,5,4,2,6,5,5,6,3,7,6,6,7,71bde63f1e808ea4c95418c6f8b7eddb
Migraine,Social Proof,2019-12-30T14:36:00Z,270,3,4,4,4,4,5,5,5,4,5,5,6,4,eb6dfed24b512881fd36f60fe6d0682f
Migraine,Social Proof,2019-12-30T14:39:00Z,265,5,6,4,4,7,6,7,4,7,7,7,7,7,5fd41eb200582ed436e066eb4c909a32
Migraine,Social Proof,2019-12-30T14:40:00Z,311,5,6,6,5,6,6,7,7,7,7,7,7,7,33f1ef35ead264a6678ba0251a026b21
Migraine,Social Proof,2019-12-30T14:42:00Z,318,6,6,6,3,7,7,7,5,4,7,7,7,7,967be2701cc82ea65b7afa331f1348cb
Migraine,Social Proof,2019-12-30T14:46:00Z,429,7,7,7,7,7,7,7,7,7,7,7,7,7,bc87545d4f38e1d566b1335770d92dcd
Migraine,Social Proof,2019-12-30T14:50:00Z,601,5,5,5,3,6,6,6,5,5,5,6,7,6,7f657e7fe4825476fc6319ff44899b91
Migraine,Social Proof,2020-01-02T18:41:00Z,289,2,3,2,2,2,3,3,2,3,3,5,6,6,c54f97dd869e192eb06412987500b10a
Migraine,Social Proof,2020-01-02T18:49:00Z,289,5,4,5,3,5,7,6,6,6,6,6,7,6,b79b07f94224286b8da52dfea634f77a
Migraine,Social Proof,2020-01-02T18:54:00Z,381,6,6,5,5,6,6,6,6,6,6,6,7,6,45fa56923647d4f10239c27b3b5105cc
Migraine,Social Proof,2020-01-02T19:05:00Z,266,6,3,6,3,6,7,7,6,7,5,6,6,6,df6c638050d2c1ab88515ece118f16cb
Migraine,Social Proof,2020-01-02T19:08:00Z,673,5,6,6,3,6,6,7,6,6,6,5,7,5,2041281c54f79a997774d1ef4e85f198
Migraine,Social Proof,2020-01-02T19:15:00Z,423,4,3,6,3,5,5,6,3,2,6,5,7,6,51df6827e0b9e3777b2f1f448bce7c90
Migraine,Social Proof,2020-01-02T19:16:00Z,817,5,5,6,3,6,5,5,6,6,6,6,7,6,83ad67c0d4340ed9e3e56e8b5a4ba081
Migraine,Social Proof,2020-01-02T19:18:00Z,518,3,4,4,2,6,3,4,5,5,7,6,6,7,6bb120a6bb1b3102b0d031c86d109e82
Migraine,Social Proof,2020-01-02T19:22:00Z,298,3,6,6,1,3,7,7,7,7,7,7,7,7,e3fa3900f43f040ffb0cf2ed91441676
Migraine,Social Proof,2020-01-02T19:24:00Z,322,4,5,5,3,6,6,7,6,6,7,6,7,7,cd5a8038cc70bdb16a5e887c23a3fce9
Migraine,Social Proof,2020-01-02T19:24:00Z,450,3,3,3,2,3,3,5,3,3,5,5,7,3,9df2c676702ca052bd2841db7f6f3e53
Migraine,Social Proof,2020-01-02T19:26:00Z,508,3,3,4,2,3,2,6,6,5,6,6,6,4,68a19519418c9e7e2fef490b8a7c145e
Migraine,Social Proof,2020-01-02T19:27:00Z,311,3,3,3,3,6,1,3,3,3,5,5,5,6,31f1802ab3b00d301e702e854957af52
Migraine,Social Proof,2020-01-02T19:27:00Z,334,4,4,4,2,4,1,3,4,7,5,7,7,7,cf2c3c8876ebbd2431c61cbb02c3622e
Migraine,Social Proof,2020-01-02T19:29:00Z,286,4,5,5,3,6,5,6,6,5,6,7,7,6,0f5798b6596773269758f6ae9d2760aa
Migraine,Social Proof,2020-01-02T19:29:00Z,401,5,5,5,3,5,6,5,5,6,5,5,5,6,83699f5b2494ad8a8a9977e5b73c1302
Migraine,Social Proof,2020-01-02T19:30:00Z,336,5,6,5,6,6,5,5,1,1,1,3,7,1,69bf898db7c491a0634aa27947d6f8bd
Migraine,Social Proof,2020-01-02T19:32:00Z,339,5,6,5,1,7,5,6,5,5,7,7,7,7,3351fa0c2e67bf34eba122b5529c7b23
Migraine,Social Proof,2020-01-02T19:33:00Z,443,7,6,7,6,7,7,6,6,6,7,6,7,6,d2fa70e2d4296f59c7d7a18585f0d103
Migraine,Social Proof,2020-01-02T19:36:00Z,319,5,3,3,3,6,5,5,6,6,6,6,6,6,817d45a9996b8cab5a63cce1342896b6
Migraine,Social Proof,2020-01-02T21:11:00Z,287,4,1,5,2,6,2,6,2,2,6,7,7,7,714dfcc82e0f91214835830f7fae579b
Migraine,Social Proof,2020-01-02T21:14:00Z,380,4,5,5,4,6,5,6,6,5,5,6,5,6,ada2f13b79b4c6afac9220366af991d2
GTA,Counterfactual,2019-10-07T21:49:00Z,267,6,6,6,6,7,7,7,7,6,7,7,7,7,5a21ad4e9486eb74eaa2086bf514fd0d
GTA,Counterfactual,2019-10-07T21:51:00Z,351,3,3,5,2,5,6,6,6,6,6,7,6,7,e15d3610c3adac3c461059b79f7065d7
GTA,Counterfactual,2019-10-07T21:52:00Z,263,5,5,6,6,6,6,6,6,6,6,6,6,6,01a955d5823768e55018a5cb2b63b7f2
GTA,Counterfactual,2019-10-07T21:52:00Z,300,5,5,5,3,6,4,5,5,6,6,6,7,6,13297b45cc4b472a5de3e8fba89a8aab
GTA,Counterfactual,2019-10-07T21:53:00Z,392,5,4,4,3,7,5,5,6,6,5,7,7,5,ea020504941175964a28f4fd5556639f
GTA,Counterfactual,2019-10-07T21:54:00Z,282,4,4,6,6,7,6,6,6,6,6,6,6,6,d909b8529a040a0f0ab21056c1569c6c
GTA,Counterfactual,2019-10-07T21:56:00Z,398,6,6,6,6,7,6,7,6,6,6,6,6,6,4b385799381a96ab09520be7fd897bf1
GTA,Counterfactual,2019-10-07T21:56:00Z,499,6,4,5,3,7,5,6,6,6,6,6,7,6,cb66893eef354f7e371ff5820e9e7a97
GTA,Counterfactual,2019-10-07T21:57:00Z,475,6,6,6,6,7,6,7,7,7,7,7,7,7,51301056b30d83cdb0cc4a366a488d0d
GTA,Counterfactual,2019-10-07T22:01:00Z,402,4,6,6,2,5,5,6,6,6,7,7,6,6,38d91f7fe6184ebc73280713ba9e171e
GTA,Counterfactual,2019-10-07T22:03:00Z,286,4,6,5,5,6,4,6,5,7,5,5,5,5,0706cbc7666a48f6aa4785fef48f9c63
GTA,Counterfactual,2019-10-08T19:06:00Z,226,4,6,4,3,6,7,7,5,5,6,6,7,6,2ec176ca120b0cb1cc83b7101e721d99
GTA,Counterfactual,2019-10-08T19:06:00Z,284,6,5,5,4,6,7,6,6,6,6,6,6,6,4ca6a5c85b8cc64031416ff74bcfdf84
GTA,Counterfactual,2019-10-08T19:07:00Z,251,4,2,2,4,7,4,5,4,4,6,6,7,6,8232740e3f04a3e3e6af6bf053fce575
GTA,Counterfactual,2019-10-08T19:07:00Z,299,4,4,4,3,4,5,5,6,5,7,6,6,5,9ee1c7cb3bb03f118f261c4c1437b665
GTA,Counterfactual,2019-10-08T19:08:00Z,278,4,5,2,2,6,5,5,4,3,3,5,4,4,77e5a0781fcc574bc4839990ccb2b28e
GTA,Counterfactual,2019-10-08T19:08:00Z,331,3,4,5,2,6,2,5,6,6,6,6,6,6,2f25ea40f593e5428af94f87382f68a2
GTA,Counterfactual,2019-10-08T19:08:00Z,385,5,4,5,2,6,4,5,6,6,6,6,6,6,be3765d3b2507c3e476328c5e8857be1
GTA,Counterfactual,2019-10-08T19:09:00Z,375,7,7,7,7,7,7,7,7,7,7,7,7,7,f05fde297aba1235d8d4963e479d3488
GTA,Counterfactual,2019-10-08T19:09:00Z,372,4,4,4,3,5,5,6,5,3,5,5,6,5,e40e2f76e3804acbf2e39d8a707c61b0
GTA,Counterfactual,2019-10-08T19:09:00Z,398,4,5,4,3,6,6,6,6,6,6,5,6,6,f6dc1faee3b250e5828df4ad79742d2c
GTA,Counterfactual,2019-10-08T19:13:00Z,617,5,5,5,4,6,5,6,5,4,5,5,6,6,7c0d959e2f88788ec9166d86d9d20cb7
GTA,Counterfactual,2019-10-08T19:14:00Z,533,3,5,4,3,6,5,5,5,3,5,6,7,5,9aea79a908f2b37b02420d8cadf3190f
GTA,Counterfactual,2019-10-08T19:14:00Z,357,1,1,1,1,4,1,5,5,5,5,5,6,5,c9819cbac52547f2d35da0f1bdbfb6f0
GTA,Counterfactual,2019-10-08T19:16:00Z,392,4,5,4,3,7,3,5,6,6,6,5,7,6,faf85e0c0703f52668a96cc653b56979
GTA,Counterfactual,2019-10-08T19:36:00Z,400,5,6,5,5,7,7,7,7,6,7,7,7,7,a66e5b9c411016ea57f145bd14ea012b
GTA,Counterfactual,2019-10-19T16:38:00Z,314,5,6,5,4,6,6,6,5,5,4,6,6,6,6878ea112d2d6fd7174a36cba67e4a84
GTA,Counterfactual,2019-10-19T16:41:00Z,401,3,3,4,2,6,5,3,5,5,5,5,5,5,5ce7b1f7c5b09e1e82a6df7f866756f7
GTA,Counterfactual,2019-10-19T16:42:00Z,341,5,4,5,2,7,6,6,5,5,6,6,6,6,5075364924126bdd34604c2f5c4bf95f
GTA,Counterfactual,2019-10-19T16:42:00Z,311,5,4,5,3,6,4,6,6,5,6,5,5,5,c2d26ee9b9255754c9949c847e47d46e
GTA,Counterfactual,2019-10-19T16:44:00Z,284,5,5,5,3,5,6,5,6,6,5,6,6,6,2ad20f88f676ce9b1f6cdffe723faa66
GTA,Counterfactual,2019-10-19T16:45:00Z,298,2,3,4,2,4,3,4,5,4,5,5,6,5,3d425b0b29a66dc820a6b435dafbb17d
GTA,Counterfactual,2019-10-19T16:46:00Z,291,5,5,5,4,4,4,5,5,5,5,5,6,5,d5172a3c3cea0fb5fce11eb87032c764
GTA,Counterfactual,2019-10-19T16:47:00Z,299,5,4,5,4,7,6,6,6,6,6,6,7,6,a815d8b1cad159624b307994c9fe90af
GTA,Counterfactual,2019-10-19T16:48:00Z,349,4,4,4,2,5,5,5,5,5,5,5,5,5,452cf3a3623cce32d4d78396a8666b66
GTA,Counterfactual,2019-10-19T16:49:00Z,306,3,3,4,3,6,4,5,5,5,5,5,5,5,508e66c2f88c5f0481976ed8000c0697
GTA,Counterfactual,2019-10-19T16:49:00Z,301,3,5,3,3,5,5,6,3,2,4,5,6,5,74791b0783145809af3fd0f9307c77b2
GTA,Counterfactual,2019-10-19T16:51:00Z,287,2,3,3,3,3,4,4,3,5,6,6,7,6,05893beff776738462518228872443bf
GTA,Counterfactual,2019-10-19T16:51:00Z,339,4,5,4,3,6,6,5,5,4,4,4,4,5,0230ade57899323a79992ad5465930c8
GTA,Counterfactual,2019-10-19T16:53:00Z,417,6,6,6,6,6,7,7,7,7,7,7,7,7,4be09bbe0cdb0b4e86cbe766a2dd78a4
GTA,Counterfactual,2019-10-19T16:55:00Z,463,5,6,6,3,7,6,6,5,6,6,6,6,6,43c85d4b9113972c4319fc4fdb6042c4
GTA,Counterfactual,2019-10-19T16:56:00Z,481,5,5,3,2,7,5,5,5,6,6,6,7,6,430c622b21e81bd39e3f5a9f487a5690
GTA,Counterfactual,2019-10-19T16:58:00Z,630,4,4,6,4,4,2,4,4,3,5,6,5,6,4406f14055eb00ac3a8c5dab849df912
GTA,Counterfactual,2019-10-19T17:01:00Z,1321,2,3,5,2,7,3,6,4,6,6,5,5,6,3d0d47b764af9d564684935e148b0fe4
GTA,Counterfactual,2019-10-19T17:27:00Z,464,5,6,6,6,7,6,6,6,7,6,7,7,6,3f6504dc428c731837dcc7bf364a120d
GTA,Counterfactual,2019-10-19T17:27:00Z,580,5,5,5,4,7,7,6,5,6,5,6,6,6,e9891d84c00d5e648f1c27524def4968
GTA,Counterfactual,2019-10-19T17:27:00Z,306,4,5,4,2,7,5,5,5,5,5,6,5,6,3299a24b3d3717060187eb96ed99ccac
GTA,Counterfactual,2019-10-19T17:28:00Z,353,6,5,6,5,7,7,7,5,6,6,6,7,7,b5ff685c95af0954d143fea00d0cdcc7
GTA,Counterfactual,2019-10-19T18:15:00Z,270,5,5,5,5,5,6,6,6,5,6,7,7,7,751581f09f4592ae94113f4ffb7f8e27
GTA,Counterfactual,2019-12-30T13:47:00Z,365,6,6,6,3,7,5,6,7,7,7,7,7,7,8f2af1ee8289abf717913ff1ae2065c2
GTA,Counterfactual,2019-12-30T13:57:00Z,407,4,4,4,3,7,5,6,6,5,6,6,7,6,724759a6618e17c0e49f2c9d2087e22f
GTA,Counterfactual,2019-12-30T14:05:00Z,390,5,6,6,5,7,6,7,6,6,6,6,7,7,6a351df113bb91faa24916bc1b51d8cd
GTA,Counterfactual,2019-12-30T14:06:00Z,233,7,4,5,6,5,5,5,7,2,3,6,6,6,eac7024e868e5ad38eed6d97a6f91751
GTA,Counterfactual,2019-12-30T14:10:00Z,333,7,7,7,7,7,7,7,7,7,7,7,7,7,0c9de73c41e524019abf2dfc016cbde3
GTA,Counterfactual,2019-12-30T14:14:00Z,344,5,4,3,4,5,4,5,5,5,5,6,6,5,68a5c9c24d8b1700bc8271831d1d2103
GTA,Counterfactual,2019-12-30T14:16:00Z,350,4,4,6,4,6,7,6,5,5,5,6,6,6,b360b5de195d2d8531bdb8f05eccd8ff
GTA,Counterfactual,2019-12-30T14:22:00Z,365,5,5,5,4,7,4,5,6,5,6,6,7,6,f1a78298968849120a91c5d58b7db1c2
GTA,Counterfactual,2019-12-30T14:25:00Z,448,2,3,3,2,3,2,2,3,3,6,6,6,6,c65ba153886f4072a81aa01ff0dad5fd
GTA,Counterfactual,2019-12-30T14:27:00Z,430,4,3,3,2,5,3,3,4,4,5,5,5,5,a4e8b9d848c9051e5f9cba84be6ea0be
GTA,Counterfactual,2019-12-30T14:28:00Z,388,5,5,5,3,5,6,6,5,5,5,5,6,5,ece19efaefbd47f4bd7a43380c89dbce
GTA,Counterfactual,2019-12-30T14:29:00Z,335,5,6,4,5,6,5,7,6,7,6,6,6,7,3558137ac4f691f3ae3e00d982cbb4cf
GTA,Counterfactual,2019-12-30T14:31:00Z,408,5,6,6,5,6,6,6,6,6,6,6,5,6,c1be7bb2c6e1d04e3cbff2e774581612
GTA,Counterfactual,2019-12-30T14:34:00Z,456,5,6,6,5,6,7,6,6,6,6,6,6,6,45e3789fe6adcaad9ba99a3bb99c9396
GTA,Counterfactual,2019-12-30T14:34:00Z,414,5,5,4,3,6,5,6,6,6,4,4,6,4,ab7c652f4d83bf884f66bcd26f035490
GTA,Counterfactual,2019-12-30T14:38:00Z,458,5,5,5,3,6,5,6,6,6,6,4,4,6,f9554501487f3cb847a403c691b4fd85
GTA,Counterfactual,2019-12-30T14:38:00Z,286,3,3,3,6,6,6,6,6,6,6,6,6,6,9ebf6c62cd45390e5323856e2308837f
GTA,Counterfactual,2019-12-30T14:39:00Z,368,5,4,4,6,5,2,5,3,5,5,6,7,7,0e384049423a1bd8f34b06a198b632c2
GTA,Counterfactual,2019-12-30T14:41:00Z,275,4,4,4,2,4,4,6,6,6,6,6,7,7,7ef10ff91efcbc234c200b2ca5734c24
GTA,Counterfactual,2019-12-30T14:42:00Z,303,4,5,5,3,7,6,7,6,7,7,7,7,7,31fd5f7ae2e8abd542b881498ac0a6c1
GTA,Counterfactual,2019-12-30T14:45:00Z,434,6,7,6,5,6,7,6,5,7,6,6,7,6,7e32f22ee0e730a3a217ace7d154922e
GTA,Counterfactual,2019-12-30T14:46:00Z,479,5,6,4,5,6,6,6,6,7,7,7,7,7,18d02462d8a0c99ab04ff8d08081f6dd
GTA,Counterfactual,2019-12-30T14:48:00Z,515,5,5,4,3,7,4,5,3,2,4,5,7,4,29f3346d89cdeb25cc503424cb8650e4
GTA,Counterfactual,2019-12-30T14:48:00Z,283,4,6,4,2,6,4,6,5,6,6,6,4,6,4824e6ddb41d6a4b7c4803bdbeed4e4b
GTA,Counterfactual,2020-01-02T18:42:00Z,311,5,5,5,3,7,6,5,6,7,7,7,7,6,510fb6aed5d18a2a104611d2d733ba47
GTA,Counterfactual,2020-01-02T18:52:00Z,258,4,4,4,2,5,4,4,4,5,4,5,5,5,413e568c9ff8fbcd8bf432c1d0167e8f
GTA,Counterfactual,2020-01-02T18:59:00Z,214,5,4,4,3,4,5,6,4,5,5,5,5,6,576f5cad8b0967929282da93489ed52b
GTA,Counterfactual,2020-01-02T19:05:00Z,431,2,1,3,1,5,1,1,2,3,6,6,6,6,6d6a4654bc1a43e614c6fcd4a4d91250
GTA,Counterfactual,2020-01-02T19:08:00Z,317,5,4,6,3,6,5,6,4,4,6,5,6,5,6295e7dce54b3720713f6d43665d24a3
GTA,Counterfactual,2020-01-02T19:10:00Z,332,6,6,5,5,6,6,7,6,6,7,6,7,6,822bae3595d567fb6d39f548d4510cf0
GTA,Counterfactual,2020-01-02T19:16:00Z,354,5,5,4,2,5,2,5,5,4,6,7,7,6,c41a6de3a417a395beb3927da9b006b1
GTA,Counterfactual,2020-01-02T19:17:00Z,308,5,5,4,3,4,7,7,7,7,7,7,7,6,fd8647c49486290459f400d4f14230cc
GTA,Counterfactual,2020-01-02T19:19:00Z,649,2,2,3,1,3,2,5,2,5,6,7,7,6,65fdbfbaf15fd3dda6a79563e4fe7bb0
GTA,Counterfactual,2020-01-02T19:21:00Z,337,5,5,5,3,6,6,6,6,6,6,4,6,6,1ff14be3493a554a0e83b1bcbd563640
GTA,Counterfactual,2020-01-02T19:22:00Z,315,1,1,1,2,6,1,5,2,3,5,5,7,5,e52137894e413cae7ed92b28778d7e43
GTA,Counterfactual,2020-01-02T19:22:00Z,278,3,5,5,2,7,6,6,5,6,6,6,7,6,ae27939963c972c8ee2976b4c3082fa5
GTA,Counterfactual,2020-01-02T19:23:00Z,316,5,3,5,2,6,5,5,6,2,6,5,7,6,1d0a264d701fc7b818927a2cbf02c176
GTA,Counterfactual,2020-01-02T19:25:00Z,263,5,6,5,5,6,6,5,5,6,5,5,6,5,5731d27123dcbf7289d01dfd9be9216c
GTA,Counterfactual,2020-01-02T19:27:00Z,496,5,5,4,3,7,6,6,6,3,7,7,6,6,1118107acaae9f9425b851d5525f4514
GTA,Counterfactual,2020-01-02T19:28:00Z,550,3,4,4,3,7,5,5,5,6,6,6,6,6,e66de7a0ed253053347bd4fe13120fad
GTA,Counterfactual,2020-01-02T19:28:00Z,349,6,5,4,5,7,7,7,4,7,7,5,7,4,b87603905cbc598fbcee88cfa5c2efec
GTA,Counterfactual,2020-01-02T19:30:00Z,328,7,7,7,1,7,7,7,7,7,7,7,7,7,0d25fe31eb96fbce2e770ae7af43ce3e
GTA,Counterfactual,2020-01-02T19:31:00Z,346,5,5,4,2,4,4,5,5,5,6,5,6,6,e9b4b72ea895f899b5397abe6d4d0e3b
GTA,Counterfactual,2020-01-02T19:33:00Z,400,5,6,7,2,6,7,6,6,6,7,6,7,6,465736e64e3cfac2d6807bfe14866708
GTA,Counterfactual,2020-01-02T19:33:00Z,526,3,4,6,2,5,5,6,5,6,5,5,6,5,5fd955d2c7a617c6c52ca52f28806c8c
GTA,Counterfactual,2020-01-02T19:34:00Z,658,7,7,7,4,7,7,7,7,7,7,6,7,7,02cd37bbeb2ee364bf84d76178dfbc5c
GTA,Counterfactual,2020-01-02T19:44:00Z,2143,4,4,4,3,5,5,5,4,5,6,6,6,6,6d442892ee04ca57bc88803a4f710a36
GTA,Counterfactual,2020-01-02T21:15:00Z,350,3,2,2,2,3,2,4,4,5,4,4,6,4,a14fb9d369fd5d041cf3ab335c592fbb
GTA,Input Influence,2019-10-07T21:49:00Z,282,5,7,5,6,5,4,7,6,2,7,7,7,7,e8478620197c7a200b606b332f4d6f96
GTA,Input Influence,2019-10-07T21:50:00Z,472,6,6,3,3,4,5,5,5,5,3,3,6,5,5403fff55a6fbaf53c672c802f02afc9
GTA,Input Influence,2019-10-07T21:51:00Z,283,6,5,6,3,6,6,6,6,6,6,6,6,6,7870538fdf00902a6998d75026455347
GTA,Input Influence,2019-10-07T21:52:00Z,301,4,4,4,3,5,5,5,6,6,6,6,6,6,6408a7ba4c1bf5cfafe672ac20fb7188
GTA,Input Influence,2019-10-07T21:53:00Z,423,5,4,4,3,4,5,6,6,6,6,6,6,6,f7ca667951321596a55d9af3f79e1466
GTA,Input Influence,2019-10-07T21:54:00Z,376,5,6,4,3,7,5,6,5,5,6,6,6,6,f0accabd7786bada4a3dd9e5854fba6c
GTA,Input Influence,2019-10-07T21:54:00Z,455,4,5,5,3,4,3,6,5,6,6,5,6,6,94bd0a8b6bdeefc08c9c93e997b5673b
GTA,Input Influence,2019-10-07T21:55:00Z,391,4,4,4,4,5,4,5,4,5,4,5,6,5,562ca289b679a8b6b4277ee96e95773d
GTA,Input Influence,2019-10-07T21:55:00Z,587,5,4,4,2,7,6,5,6,3,7,7,6,6,57a67fb3caf9d67f173d7bbd913c8e05
GTA,Input Influence,2019-10-07T21:56:00Z,401,5,5,5,3,6,4,5,4,3,4,4,6,5,c540f398ea77e084d401ad9944891d33
GTA,Input Influence,2019-10-07T21:56:00Z,471,5,3,4,3,6,3,6,6,3,7,7,6,6,a63595389fd3086b8361e76b4f0ebbbb
GTA,Input Influence,2019-10-07T21:58:00Z,448,6,5,4,4,6,6,5,6,6,6,5,5,6,99eab6f9c069f32421d87f576f62cd48
GTA,Input Influence,2019-10-08T19:07:00Z,317,4,4,4,3,6,4,5,6,6,6,6,5,6,d15edf9fba410dd8811ac9f84ce82f47
GTA,Input Influence,2019-10-08T19:07:00Z,285,6,6,5,2,6,6,7,7,6,6,7,7,7,107b20572331d47233b8e2e72758592b
GTA,Input Influence,2019-10-08T19:07:00Z,274,5,5,5,6,5,6,5,5,5,5,6,6,6,7e4b3632489e53110dd66a5a826b511f
GTA,Input Influence,2019-10-08T19:08:00Z,398,5,5,5,4,7,7,7,7,6,6,6,7,6,c1a7d39567ac9fe22365c52e7ae0b22e
GTA,Input Influence,2019-10-08T19:08:00Z,325,5,6,6,5,6,2,5,6,5,6,6,7,6,a391b2cd0e5ed8526d5e9b8970ee1922
GTA,Input Influence,2019-10-08T19:08:00Z,302,3,4,4,4,5,6,6,6,6,6,5,6,5,c937480e92423e5dffe3583a3a4d8d6f
GTA,Input Influence,2019-10-08T19:09:00Z,374,4,3,4,2,5,2,4,4,3,4,3,4,4,3f8f242afa1f9f4212260493326c7e60
GTA,Input Influence,2019-10-08T19:10:00Z,488,5,6,6,3,5,5,5,5,6,5,6,5,5,b8b9669af406bd41e76911ec21707ae7
GTA,Input Influence,2019-10-08T19:11:00Z,447,5,4,5,2,5,6,6,5,5,6,5,6,6,ea250948dcebf405d9a967466368030b
GTA,Input Influence,2019-10-08T19:12:00Z,288,5,4,4,4,7,4,5,6,7,6,5,5,5,75d31a3eeef9b2f6b8fadf471db2cab4
GTA,Input Influence,2019-10-08T19:12:00Z,505,3,4,4,2,5,4,4,4,5,4,3,7,5,8acce8fe9d68c3bc5b4a3e7cf69a4e07
GTA,Input Influence,2019-10-08T19:12:00Z,588,5,5,5,3,7,6,6,7,6,7,6,7,7,ebf2ebdec737d9b1ad91726eb43554d5
GTA,Input Influence,2019-10-08T19:14:00Z,351,6,5,6,6,7,7,7,6,6,7,7,7,7,a6eafbdfcd84d9c74a6883198f6281c4
GTA,Input Influence,2019-10-08T19:38:00Z,1822,5,5,4,4,5,5,5,5,6,6,6,6,5,66e611883f414b3b2c8af0a9b21ec661
GTA,Input Influence,2019-10-19T16:37:00Z,386,3,3,3,4,7,5,5,5,5,6,6,7,7,b1111c8719a0de54be02a7ebdb51e861
GTA,Input Influence,2019-10-19T16:39:00Z,316,5,5,5,3,6,6,6,6,6,6,6,6,6,9ba77222bcbceddb822ac82a331a2dda
GTA,Input Influence,2019-10-19T16:40:00Z,260,5,6,5,5,7,6,5,6,6,6,5,6,6,61404a34016f9eafa6911eb9c20dee84
GTA,Input Influence,2019-10-19T16:43:00Z,678,2,5,2,6,6,2,6,5,6,6,6,6,6,0ca2c16c3f48e6a9af26b426ca8ea415
GTA,Input Influence,2019-10-19T16:43:00Z,328,4,5,4,1,4,5,6,6,3,6,7,7,6,c6dd9b9f880a63cb60c5bbeb28f7427b
GTA,Input Influence,2019-10-19T16:44:00Z,257,7,7,7,5,7,7,7,7,7,7,7,7,7,f66f2e874b662f7e06a50551d1bd0791
GTA,Input Influence,2019-10-19T16:45:00Z,403,7,6,6,4,7,6,7,6,6,6,6,6,6,57bc0a28125de4f3cc46f6cb7c45f56b
GTA,Input Influence,2019-10-19T16:46:00Z,270,5,5,5,1,6,5,5,5,5,6,6,6,6,362a1f7cf809569790da634691b52bc5
GTA,Input Influence,2019-10-19T16:48:00Z,260,5,5,6,6,6,7,6,6,7,5,6,7,5,9046dad4567693be36936f372d691320
GTA,Input Influence,2019-10-19T16:49:00Z,443,4,4,4,4,7,6,7,5,3,5,7,6,5,3c20310224bf0f9047f40e725f7d3de1
GTA,Input Influence,2019-10-19T16:51:00Z,411,6,6,6,3,7,7,7,6,7,6,6,6,6,2325b5e855f30f21bbb569c817b7ba10
GTA,Input Influence,2019-10-19T16:51:00Z,267,5,4,5,3,5,5,5,6,3,6,5,6,6,3ae728d862cc0305025465735be1bf63
GTA,Input Influence,2019-10-19T16:51:00Z,470,5,6,5,5,5,5,7,6,5,7,7,7,7,23c469f81e313aa91bbee33b64fd05e4
GTA,Input Influence,2019-10-19T16:52:00Z,398,4,4,5,4,6,4,6,1,5,6,4,4,6,16dfa34ffec643bd66607a530354b596
GTA,Input Influence,2019-10-19T16:52:00Z,421,5,5,5,5,6,5,6,5,5,6,6,6,6,2572c30f5aded2d1b460655d318b57b4
GTA,Input Influence,2019-10-19T16:54:00Z,337,6,6,6,7,7,7,7,7,7,7,7,7,7,785040b44ed64f2d290b0d6afed920ab
GTA,Input Influence,2019-10-19T16:55:00Z,536,5,5,5,5,6,6,6,6,5,6,6,6,6,818e59142b1f6171feecefb272f70802
GTA,Input Influence,2019-10-19T16:56:00Z,592,5,7,5,5,7,5,7,6,7,6,7,7,6,838590a7d694d9deb456bbdafc58e584
GTA,Input Influence,2019-10-19T16:59:00Z,725,5,6,5,4,7,6,6,4,5,6,6,5,6,72c9c1928d9c17263a0a3a79d04e9398
GTA,Input Influence,2019-10-19T17:01:00Z,351,5,5,5,6,6,6,6,5,6,2,6,6,2,443b7a760e058d9cd13627ee240eee9b
GTA,Input Influence,2019-10-19T17:19:00Z,484,5,5,5,3,4,3,5,6,5,5,7,5,6,9d432c1a35d6c98b07aa6011cd6e3d54
GTA,Input Influence,2019-10-19T17:27:00Z,324,5,6,6,3,6,6,6,5,3,5,6,7,5,0df997e7be5336618490f6c0edfa9afc
GTA,Input Influence,2019-10-19T17:28:00Z,300,5,5,5,3,6,5,5,5,5,6,6,6,6,6830059ba203b68b50167c638b43dd2e
GTA,Input Influence,2019-10-19T17:46:00Z,293,5,5,5,2,7,5,6,6,7,7,5,5,6,26509c197102b62114a6454f5abf165c
GTA,Input Influence,2019-12-30T13:51:00Z,299,5,6,5,1,6,3,6,6,7,7,6,7,6,50bf35cd0bf0c8c7d2bf86d51f69c1c7
GTA,Input Influence,2019-12-30T13:53:00Z,566,4,6,5,1,7,3,5,6,6,6,7,7,6,ad6a6fc0e84a13c9660b3741d2e34bdc
GTA,Input Influence,2019-12-30T14:03:00Z,261,5,5,5,5,6,3,6,6,5,6,6,6,6,a357e968085eb0bd2584b49fd05aba1e
GTA,Input Influence,2019-12-30T14:10:00Z,418,4,4,4,3,6,4,5,4,4,4,5,5,5,408bd854806a9bf96c177a4c3617d29c
GTA,Input Influence,2019-12-30T14:12:00Z,336,5,5,6,3,7,6,6,7,6,6,6,7,6,585a7eb5292c966f49d34adcbda268c4
GTA,Input Influence,2019-12-30T14:16:00Z,297,6,4,5,3,7,6,6,7,7,6,7,7,7,1edff70ed0f7a6ffceb5825056a3280e
GTA,Input Influence,2019-12-30T14:17:00Z,519,5,3,5,5,5,5,5,5,5,5,5,6,5,10f2ca231c00072cf46c2ef3f33d92ed
GTA,Input Influence,2019-12-30T14:21:00Z,468,6,6,6,3,7,7,7,7,5,7,5,7,7,fdff95089abc290c0ad8639c4daa8ad9
GTA,Input Influence,2019-12-30T14:23:00Z,465,4,5,3,1,5,4,5,5,5,5,6,7,5,d6a5273cf7cb80dca556b96bb330c5b4
GTA,Input Influence,2019-12-30T14:26:00Z,299,5,5,5,4,6,5,6,5,5,5,6,6,5,a5fe5fcafbf8ced8142dc634f4e9b06b
GTA,Input Influence,2019-12-30T14:27:00Z,311,5,5,5,3,7,6,6,6,4,6,7,7,7,ffef6e1fcbaf35d4a3b42731bc4e0225
GTA,Input Influence,2019-12-30T14:28:00Z,427,6,6,6,6,7,6,6,6,6,6,6,6,7,cf9055838b2ac9cc0a878e15d4d962ef
GTA,Input Influence,2019-12-30T14:28:00Z,321,3,4,2,2,5,2,5,4,5,6,5,6,6,4cdc87c92417d04f6f4320fc74883b47
GTA,Input Influence,2019-12-30T14:32:00Z,310,6,5,6,6,7,7,6,6,6,6,7,7,7,c7665fffc380e4dd6a3532b6ff8bec7b
GTA,Input Influence,2019-12-30T14:36:00Z,380,5,5,5,5,6,6,6,6,6,6,6,6,6,6c5f9cb3f21edb79155cafea937cd0cb
GTA,Input Influence,2019-12-30T14:36:00Z,359,5,5,4,3,6,5,5,4,5,4,5,6,5,0e7e7ebcc58d822670f127f4c16d0270
GTA,Input Influence,2019-12-30T14:38:00Z,308,4,4,4,2,7,6,5,5,5,6,6,7,6,d1462d7ef8ab2c9d44d0a24ea721f639
GTA,Input Influence,2019-12-30T14:39:00Z,332,5,5,5,4,6,4,5,6,6,5,6,7,6,24ef078adfaa5e35846d916fe2105130
GTA,Input Influence,2019-12-30T14:43:00Z,1250,4,4,5,5,4,4,4,4,5,4,5,5,5,ae665ca25e3dd05d104801c417bfad55
GTA,Input Influence,2019-12-30T14:43:00Z,393,5,5,5,3,6,6,6,6,6,6,6,6,6,bd1c9a98622ffd25c1f58454e17bf70d
GTA,Input Influence,2019-12-30T14:43:00Z,353,5,3,4,3,6,5,6,6,5,6,6,6,6,813ae7079c20105836b8ecdf72f7242d
GTA,Input Influence,2019-12-30T14:44:00Z,443,4,4,4,2,5,5,5,5,4,5,3,6,5,296896576ba9d6b242db7971fef14498
GTA,Input Influence,2019-12-30T14:44:00Z,380,4,4,4,3,6,5,4,6,6,6,6,6,6,c7d79a7f11bc18ce00298dba35292530
GTA,Input Influence,2020-01-02T18:52:00Z,375,6,7,6,3,6,5,7,7,7,7,7,7,7,4a13b1f700227ed0d05b25b9996a698a
GTA,Input Influence,2020-01-02T18:56:00Z,372,6,6,5,3,7,6,7,6,7,6,7,7,7,e8402ae33e3c502803e31da0b1286ba6
GTA,Input Influence,2020-01-02T19:06:00Z,347,6,6,6,5,7,6,6,6,6,6,6,6,6,f0d898bbe3ca2e5bdb382cd034dadf7d
GTA,Input Influence,2020-01-02T19:11:00Z,280,6,5,6,4,7,5,7,6,6,6,6,7,7,8255c605ae6fe8ea74c125ccc21c8f09
GTA,Input Influence,2020-01-02T19:14:00Z,677,7,7,4,3,7,6,7,7,7,7,6,7,7,c35f80c867ed432e2d8cb9c6f3397d26
GTA,Input Influence,2020-01-02T19:15:00Z,469,7,4,3,4,7,5,5,4,6,4,3,6,5,370e054fcd316df62ad1cfdab73a6975
GTA,Input Influence,2020-01-02T19:18:00Z,263,5,5,5,3,7,5,6,6,6,6,6,7,6,9941db1ed999beac398c78691d2050bb
GTA,Input Influence,2020-01-02T19:22:00Z,493,5,5,5,3,5,5,5,5,5,5,6,5,5,7b3b3430126b43ed543d26c13309fbfe
GTA,Input Influence,2020-01-02T19:22:00Z,394,4,4,4,4,5,6,6,6,3,6,6,6,6,10adc2c712b07fdf876d61b49b1c286e
GTA,Input Influence,2020-01-02T19:22:00Z,328,5,5,5,3,6,6,6,5,5,6,5,7,6,932c6f9ccc4d88d591cc374248dd3eb1
GTA,Input Influence,2020-01-02T19:23:00Z,303,6,6,6,6,7,7,7,6,7,6,6,7,6,a2543a37168ca2c23e99c9cda511c2e9
GTA,Input Influence,2020-01-02T19:27:00Z,415,5,6,4,5,6,7,5,6,5,6,6,7,6,aeeafc52b7334173194d577b0d0931b6
GTA,Input Influence,2020-01-02T19:27:00Z,374,4,4,4,3,7,6,6,5,6,5,6,6,5,adfc805cf3389ae8d85c1cdbe2c72461
GTA,Input Influence,2020-01-02T19:27:00Z,641,4,5,4,4,7,4,5,5,6,5,6,6,5,7595b30652a82773ae39c2291789e9d0
GTA,Input Influence,2020-01-02T19:28:00Z,380,5,5,6,4,6,5,6,4,6,6,6,6,6,f52a677998716e49bb9e091869525b0d
GTA,Input Influence,2020-01-02T19:31:00Z,375,4,5,4,1,6,5,6,5,2,2,5,7,6,bc30e1a8d3c5e39919d25f0dfd899c7f
GTA,Input Influence,2020-01-02T19:31:00Z,303,4,4,4,2,7,4,4,5,5,5,5,6,6,e90fe5df5b68456754a4b5d650bc9d89
GTA,Input Influence,2020-01-02T19:32:00Z,322,5,5,4,2,6,5,6,5,5,6,6,7,6,ef9fea76beadd4e704be7c67b75c3b67
GTA,Input Influence,2020-01-02T19:34:00Z,575,5,6,4,5,7,5,7,6,6,5,6,7,7,7a75398e8ceace987195de6e36f6831e
GTA,Input Influence,2020-01-02T19:39:00Z,982,5,5,5,3,7,6,7,5,5,5,6,7,6,dc374f80a26cb2942c86fc16974deed9
GTA,Input Influence,2020-01-02T19:41:00Z,870,4,4,4,5,7,6,6,4,6,4,5,2,4,050683bddf8f8a7b278f7a72de0891d9
GTA,Input Influence,2020-01-02T19:47:00Z,1184,5,5,4,1,5,5,5,5,6,5,4,6,5,b62e1c8ccbf5b20666ea9c4e339fb8e4
GTA,Input Influence,2020-01-02T21:15:00Z,354,3,3,3,3,6,3,5,5,6,5,3,7,6,09f0559eacdd5a018ec9d8ede2a95d14
Migraine,Input Influence,2019-10-07T21:50:00Z,325,5,5,5,4,7,4,6,7,5,7,7,7,7,2f254e49dca1c37d8f62561391f39271
Migraine,Input Influence,2019-10-07T21:50:00Z,267,4,4,4,4,5,6,5,5,5,5,6,6,6,e37f0316e1be3dbb505a9d880696f86c
Migraine,Input Influence,2019-10-07T21:54:00Z,409,5,5,5,3,6,6,6,6,6,6,6,6,6,72fccf6d69beee927cc3b4eec3686f18
Migraine,Input Influence,2019-10-07T21:54:00Z,402,2,2,4,2,6,6,3,5,6,7,7,7,7,24129ce374ff331ff53d7b8a8ded3bcd
Migraine,Input Influence,2019-10-07T21:55:00Z,382,5,4,2,3,4,6,6,6,4,5,7,7,5,9938868dd4fa777a9328558ea9c42cfc
Migraine,Input Influence,2019-10-07T21:55:00Z,381,3,3,4,1,5,3,5,6,3,6,6,7,5,8a09294dfdd942d728427273b978903e
Migraine,Input Influence,2019-10-07T21:57:00Z,648,6,7,6,6,6,6,7,7,6,7,7,7,7,3cd78b241c5003670eb7be32dfcab2f5
Migraine,Input Influence,2019-10-07T21:57:00Z,509,5,5,5,3,6,5,6,6,6,6,6,6,6,a2360762b7e294eeda7d64dcc0cda52e
Migraine,Input Influence,2019-10-07T22:02:00Z,740,4,4,5,2,4,2,3,3,3,6,6,6,6,21da60d5a9b85e7eccbef835056f7e13
Migraine,Input Influence,2019-10-07T22:21:00Z,352,5,5,5,3,6,5,6,5,3,6,6,7,6,86b9c5be342845c3ace4f2ea7e790b64
Migraine,Input Influence,2019-10-08T19:07:00Z,277,4,4,5,4,5,6,6,7,7,6,6,7,7,2d37f2534dab4733f57a735921a36c5b
Migraine,Input Influence,2019-10-08T19:07:00Z,321,4,4,4,2,5,2,5,5,5,5,6,7,5,a317d47a2ad5b72f69108a69770a26e6
Migraine,Input Influence,2019-10-08T19:08:00Z,350,6,6,5,5,6,7,6,5,4,6,6,6,6,3ea6458a6a8ee1e3b2aff785205dbea4
Migraine,Input Influence,2019-10-08T19:08:00Z,345,6,7,6,7,6,6,6,6,6,7,7,7,7,d5a161137ac1046299f38fc0ea327522
Migraine,Input Influence,2019-10-08T19:09:00Z,354,5,4,5,3,6,5,6,6,5,6,6,6,6,cb81d9bf20832443fcd2d12995d6a829
Migraine,Input Influence,2019-10-08T19:09:00Z,414,5,4,6,3,7,4,6,4,5,6,6,6,6,a5f6c2debccaaf02bc6ab7620074b4b7
Migraine,Input Influence,2019-10-08T19:12:00Z,566,5,6,6,5,6,6,6,6,6,6,6,6,6,e050cfe03e6b2a6220b05c3f846f76b0
Migraine,Input Influence,2019-10-08T19:13:00Z,596,5,5,5,3,6,6,6,6,5,6,6,7,6,f13b7872e90f98787d36756cb70cfeba
Migraine,Input Influence,2019-10-08T19:13:00Z,663,6,5,3,3,3,5,5,5,3,6,6,5,6,c10321e163317a3758d702e5e169e4c5
Migraine,Input Influence,2019-10-08T19:16:00Z,621,1,1,2,1,1,1,1,1,2,2,5,6,3,0a1aea6f78014c38d0c65ae10e9ea432
Migraine,Input Influence,2019-10-08T19:16:00Z,777,6,5,6,5,6,6,6,6,6,6,6,6,6,a9d4438490f26baa41aa9c8daaeff63d
Migraine,Input Influence,2019-10-08T19:17:00Z,763,3,3,3,3,3,5,5,3,3,5,5,6,5,6befefd73cdb6ee87f963b2a877747dc
Migraine,Input Influence,2019-10-08T19:17:00Z,912,1,1,5,1,6,1,1,6,5,5,5,5,6,310fe409cdee6df253f6b6fe48a3ccfa
Migraine,Input Influence,2019-10-08T19:19:00Z,327,5,5,5,4,5,5,5,5,6,7,7,7,6,fcaa36762c00ca24ad39547b8e5ffa3b
Migraine,Input Influence,2019-10-19T16:34:00Z,283,3,4,3,2,5,3,5,6,5,6,6,6,6,06a6703036c479b87e36ad75d5268b2a
Migraine,Input Influence,2019-10-19T16:37:00Z,240,6,5,6,6,6,6,6,4,6,7,6,6,7,00c70c2e8069ca27f21cafb99b98159b
Migraine,Input Influence,2019-10-19T16:39:00Z,375,5,5,4,2,5,3,4,5,5,6,6,6,6,1b86d17ebd03dc2a3157e0618456ba7a
Migraine,Input Influence,2019-10-19T16:43:00Z,446,3,4,4,3,7,3,4,3,2,7,7,7,6,813592368ea1bf0965d8ac2f30d7dc48
Migraine,Input Influence,2019-10-19T16:45:00Z,325,3,5,5,3,7,2,5,5,3,7,6,7,6,1c47d1365e032295130fcc84abed9af1
Migraine,Input Influence,2019-10-19T16:45:00Z,556,5,5,6,3,6,5,6,6,6,6,6,6,6,fe171a53821837723ad89177d445ca2c
Migraine,Input Influence,2019-10-19T16:46:00Z,344,4,3,3,2,6,3,3,5,6,6,6,6,6,6d970243ab2894d97912723f135b4749
Migraine,Input Influence,2019-10-19T16:47:00Z,286,3,3,3,1,5,5,6,4,4,2,3,3,6,3b20f4642a0fcfc497b7dc7b9de6f3a7
Migraine,Input Influence,2019-10-19T16:47:00Z,292,4,3,4,2,6,2,5,6,2,6,7,7,6,bf10e483f36719a8b61565545069f24b
Migraine,Input Influence,2019-10-19T16:48:00Z,251,3,1,3,2,3,2,3,5,5,6,6,6,5,f2f9f3d52d75c32f6a2dfb2e6186ea7d
Migraine,Input Influence,2019-10-19T16:50:00Z,318,5,4,6,6,6,7,7,7,6,6,6,7,6,518968eb58f1edd009136ebfff2a663b
Migraine,Input Influence,2019-10-19T16:52:00Z,323,5,7,6,6,6,6,6,5,3,6,6,7,6,dbc2c64465c680da2800b0f6c756de24
Migraine,Input Influence,2019-10-19T16:52:00Z,255,2,2,3,2,2,2,5,2,3,6,6,6,6,be09f45872af9afb395ac794b905128d
Migraine,Input Influence,2019-10-19T16:52:00Z,293,4,6,3,6,5,2,4,3,4,4,4,5,5,1352d9f2d74ecda6dc2888f6569ef4ef
Migraine,Input Influence,2019-10-19T16:53:00Z,509,6,7,6,3,7,6,6,6,7,7,7,7,7,f4ffb7c85fd29673457e2151e87d26fb
Migraine,Input Influence,2019-10-19T16:54:00Z,383,4,4,4,3,4,4,5,5,4,4,5,5,4,781022995a3e27bfbd2986125ab734ab
Migraine,Input Influence,2019-10-19T17:03:00Z,332,3,3,6,2,6,3,5,3,3,6,6,3,6,6488552104eb428b86ea851021ab95e0
Migraine,Input Influence,2019-10-19T17:21:00Z,420,6,6,6,6,6,6,7,6,6,7,7,6,6,9681ed3a6973cb732455d61834818d7a
Migraine,Input Influence,2019-10-19T17:26:00Z,223,3,4,4,2,4,3,4,4,5,5,4,5,5,b90d0df8276aa7c2ad3b31a151b1bf17
Migraine,Input Influence,2019-10-19T17:27:00Z,311,4,4,5,4,4,4,5,5,6,5,5,6,5,e65481157a6edd7ed060eea2050320fe
Migraine,Input Influence,2019-10-19T17:46:00Z,1533,5,6,6,6,6,6,6,6,6,6,6,5,6,115c2b681a1bb7862add4a1c812c17f9
Migraine,Input Influence,2019-12-30T14:02:00Z,557,5,5,6,3,5,6,6,5,5,5,5,7,6,922c0802b25106bbefa6f03bf73491be
Migraine,Input Influence,2019-12-30T14:04:00Z,367,5,5,6,6,5,6,6,3,3,6,6,6,6,9e4d7843ebd8913853e60cb0411d51be
Migraine,Input Influence,2019-12-30T14:11:00Z,527,5,5,5,3,6,5,5,6,6,7,7,7,7,e256657cffb4a02ba20fff17154a8846
Migraine,Input Influence,2019-12-30T14:11:00Z,400,4,6,4,3,6,4,5,3,3,5,5,6,5,487348af65c920c7b3b638f49ca37aa3
Migraine,Input Influence,2019-12-30T14:14:00Z,305,3,5,6,3,6,5,5,6,5,6,7,6,6,68a69a103fc78e0a720960994b75cedb
Migraine,Input Influence,2019-12-30T14:18:00Z,273,5,5,5,3,5,6,6,6,5,6,6,7,6,09f260d4c591d48cd9deb2a70865515b
Migraine,Input Influence,2019-12-30T14:21:00Z,341,6,4,6,5,6,7,6,6,6,7,6,7,6,0f115e91d861d7e6babc3adeb553ecce
Migraine,Input Influence,2019-12-30T14:24:00Z,384,5,4,5,4,6,5,6,5,6,6,6,7,6,13aa98549614431a4aab04d1f779cc8a
Migraine,Input Influence,2019-12-30T14:26:00Z,323,3,3,3,2,5,1,4,1,1,4,5,5,5,91c5a8fe98a978c5f457dbd87543b9f7
Migraine,Input Influence,2019-12-30T14:28:00Z,316,6,6,4,7,7,3,6,7,6,7,7,7,7,070024fbe5cd8e49824f90fae26ac571
Migraine,Input Influence,2019-12-30T14:28:00Z,433,3,2,4,1,5,2,5,4,4,5,5,5,5,814c0d361efacdcfcae6f479b374d7c1
Migraine,Input Influence,2019-12-30T14:30:00Z,288,6,6,6,5,6,5,6,7,7,7,6,7,7,7105a2985926a2251a299e10b22ab6ec
Migraine,Input Influence,2019-12-30T14:33:00Z,312,6,3,4,3,6,6,6,6,7,7,6,6,7,9a9f75a65bfcc85ff30ae04ba1860e67
Migraine,Input Influence,2019-12-30T14:37:00Z,346,6,6,5,3,6,6,6,6,6,5,6,6,6,b84877377968090d115c097171d5884f
Migraine,Input Influence,2019-12-30T14:38:00Z,711,2,2,2,1,7,2,2,4,5,3,3,5,5,506e967007d07cd4cf1e24332ea45fe6
Migraine,Input Influence,2019-12-30T14:40:00Z,365,4,5,4,3,5,6,7,5,3,7,7,7,7,8c64a4462b9fdb12fd6547c11bc7df1b
Migraine,Input Influence,2019-12-30T14:41:00Z,343,3,4,3,3,5,2,5,5,3,6,6,5,6,4f8ec0b6908ab24583e55fefbf36672f
Migraine,Input Influence,2019-12-30T14:42:00Z,218,5,4,5,4,5,5,5,5,5,4,5,4,5,9beac96f956fea07520d6f94705487d0
Migraine,Input Influence,2019-12-30T14:43:00Z,294,4,6,5,3,6,6,6,6,6,6,7,6,6,afb3a176f317c48bab1925922503d414
Migraine,Input Influence,2019-12-30T14:43:00Z,295,5,5,5,5,6,7,7,5,4,6,6,7,7,2a6cf31cc532007014c8890687a3249d
Migraine,Input Influence,2019-12-30T14:46:00Z,462,5,5,5,3,6,6,6,6,5,6,5,7,5,b14ab59749245224309544701fc57044
Migraine,Input Influence,2019-12-30T14:50:00Z,619,4,4,4,4,4,6,5,6,5,5,5,6,5,e8843f963b3a3c680de6b894bebcfd8d
Migraine,Input Influence,2020-01-02T18:49:00Z,409,5,4,4,4,5,5,7,6,5,6,4,5,6,6a4092a5a0aec41b66f2d571ef3f05bd
Migraine,Input Influence,2020-01-02T18:53:00Z,285,4,5,5,4,5,6,6,5,6,6,6,6,6,91578d0e9635abd3ce8ba8f2a8393095
Migraine,Input Influence,2020-01-02T18:55:00Z,306,5,4,5,3,5,6,6,6,6,6,6,6,6,ebe5917931fed97976cb65347ddf292d
Migraine,Input Influence,2020-01-02T18:59:00Z,344,6,6,6,3,6,6,6,6,6,6,6,6,6,a3ef1b87090155d0487469a0ef175f74
Migraine,Input Influence,2020-01-02T19:03:00Z,303,4,5,4,3,5,6,5,5,6,4,6,5,4,0342b5de962e67c4a2f1872bffdc2b47
Migraine,Input Influence,2020-01-02T19:11:00Z,526,6,6,5,7,7,7,7,5,3,5,5,7,6,cee54d98fbb7bfaa5404e6e1702103b4
Migraine,Input Influence,2020-01-02T19:12:00Z,273,5,5,6,4,6,7,7,6,5,6,6,7,6,94bab03146f112e99f59dde250dfe4ca
Migraine,Input Influence,2020-01-02T19:14:00Z,321,5,5,5,5,6,5,6,6,7,6,6,5,6,ba89722d3bd957793c0147e2152c53f0
Migraine,Input Influence,2020-01-02T19:18:00Z,349,6,5,6,3,5,6,6,6,4,6,7,6,7,d0aa455ecb55d03a9cdad817a3259de3
Migraine,Input Influence,2020-01-02T19:18:00Z,434,4,4,4,2,4,5,5,5,6,5,5,6,5,184acec29835ffad93b44ef3c218a164
Migraine,Input Influence,2020-01-02T19:22:00Z,506,6,6,6,6,7,7,7,6,6,7,7,7,7,b9381093f45176cd1e8dc07291807863
Migraine,Input Influence,2020-01-02T19:22:00Z,340,6,6,6,5,7,7,7,7,6,7,7,7,7,a4966ffa98b2a810dbea87c69f33f6fe
Migraine,Input Influence,2020-01-02T19:25:00Z,390,5,5,6,3,7,7,7,6,6,7,6,7,7,358ac5f0d0f09ede6731d8df8a7b8712
Migraine,Input Influence,2020-01-02T19:25:00Z,444,5,4,4,6,6,6,6,7,6,7,7,6,7,b9f4c688b00572745d69426769889d30
Migraine,Input Influence,2020-01-02T19:26:00Z,630,6,6,6,7,6,7,6,6,6,6,7,7,6,6f9f0a79efe9af6cd94d11d2b332bf52
Migraine,Input Influence,2020-01-02T19:28:00Z,703,5,5,5,5,6,6,6,6,6,6,6,7,7,ff23af15829ac9336d025a7c321db931
Migraine,Input Influence,2020-01-02T19:28:00Z,339,5,6,6,5,5,6,6,6,7,7,6,7,6,7de41692a84a93ac3bf4981864f4dbac
Migraine,Input Influence,2020-01-02T19:29:00Z,353,3,3,2,1,5,3,5,2,5,6,6,7,6,65ac448f3fc4af919a224c82c1079faf
Migraine,Input Influence,2020-01-02T19:30:00Z,386,4,4,4,3,4,5,5,4,5,6,4,5,5,3c7e46a90916ea17a524240771b992e4
Migraine,Input Influence,2020-01-02T19:31:00Z,325,4,6,5,4,6,5,5,5,5,6,6,6,6,25837207be0bc79c7b11585e97b423bb
Migraine,Input Influence,2020-01-02T19:31:00Z,380,3,5,3,3,6,6,6,6,6,7,7,6,7,ee8cb3311a5b545802e0c89cff8764fd
Migraine,Input Influence,2020-01-02T19:32:00Z,352,3,4,5,1,5,2,5,4,6,6,7,7,6,26fe05e64bed5bb6e07dead10add8898
Migraine,Input Influence,2020-01-02T19:33:00Z,707,5,6,5,6,6,6,6,6,7,6,6,6,6,0261d7b58b1fd1f5be62cf167bb9a1df
Migraine,Input Influence,2020-01-02T19:33:00Z,399,5,6,7,6,7,6,6,6,3,7,7,7,7,f9384036ac0ef18d19f737cd4b64a084
Migraine,Input Influence,2020-01-02T19:52:00Z,1612,7,7,6,7,7,6,6,5,6,7,7,7,7,37109401ad311105c7af0b96446b91f8
Migraine,Input Influence,2020-01-02T21:15:00Z,414,5,5,5,3,5,6,5,6,5,7,7,7,6,072a33af4b105865c622fcbf0e2ca605
